-- phpMyAdmin SQL Dump
-- version 5.2.0
-- https://www.phpmyadmin.net/
--
-- Host: 127.0.0.1
-- Generation Time: Feb 11, 2023 at 05:59 PM
-- Server version: 10.4.24-MariaDB
-- PHP Version: 8.1.4

SET SQL_MODE = "NO_AUTO_VALUE_ON_ZERO";
START TRANSACTION;
SET time_zone = "+00:00";


/*!40101 SET @OLD_CHARACTER_SET_CLIENT=@@CHARACTER_SET_CLIENT */;
/*!40101 SET @OLD_CHARACTER_SET_RESULTS=@@CHARACTER_SET_RESULTS */;
/*!40101 SET @OLD_COLLATION_CONNECTION=@@COLLATION_CONNECTION */;
/*!40101 SET NAMES utf8mb4 */;

--
-- Database: `mctarchive`
--

-- --------------------------------------------------------

--
-- Table structure for table `branch`
--

CREATE TABLE `branch` (
  `branch_id` int(10) NOT NULL,
  `branchName` varchar(100) NOT NULL
) ENGINE=InnoDB DEFAULT CHARSET=utf8mb4;

--
-- Dumping data for table `branch`
--

INSERT INTO `branch` (`branch_id`, `branchName`) VALUES
(0, 'ไม่มี'),
(1, 'เทคโนโลยีการถ่ายภาพและภาพยนตร์'),
(2, 'เทคโนโลยีการโทรทัศน์และวิทยุกระจายเสียง'),
(3, 'เทคโนโลยีสื่อดิจิทัล'),
(4, 'เทคโนโลยีมัลติมีเดีย'),
(5, 'เทคโนโลยีการโฆษณาและประชาสัมพันธ์'),
(6, 'เทคโนโลยีการพิมพ์ดิจิทัลและบรรจุภัณฑ์'),
(7, 'อื่นๆ');

-- --------------------------------------------------------

--
-- Table structure for table `login`
--

CREATE TABLE `login` (
  `user_id` int(10) NOT NULL,
  `username` varchar(50) NOT NULL,
  `password` varchar(50) NOT NULL,
  `level` varchar(10) NOT NULL,
  `name` varchar(100) NOT NULL
) ENGINE=InnoDB DEFAULT CHARSET=utf8mb4;

--
-- Dumping data for table `login`
--

INSERT INTO `login` (`user_id`, `username`, `password`, `level`, `name`) VALUES
(1, 'siwadol', 'c21vbE5VVFo=', 'ADMIN', 'ศิวดล ม.'),
(42069, 'admin', 'YWRtaW4=', 'ADMIN', 'ผู้ดูแลระบบ'),
(42070, 'poonyanuch', 'cG9vbnlhbnVjaA==', 'ADMIN', 'ปุณยนุช ต.'),
(42071, 'nichapat', 'TmljaGFwYXQ=', 'ADMIN', 'ณิชาภัทร พ.');

-- --------------------------------------------------------

--
-- Table structure for table `mctarchive`
--

CREATE TABLE `mctarchive` (
  `system_id` int(10) NOT NULL COMMENT 'system ref ID of thesis',
  `id` varchar(100) NOT NULL COMMENT 'book no. / book id.',
  `std1` varchar(100) CHARACTER SET utf8 DEFAULT NULL,
  `std2` varchar(100) CHARACTER SET utf8 DEFAULT NULL,
  `std3` varchar(100) CHARACTER SET utf8 DEFAULT NULL,
  `std4` varchar(100) DEFAULT NULL,
  `std5` varchar(100) DEFAULT NULL,
  `std6` varchar(100) DEFAULT NULL,
  `thainame` varchar(300) CHARACTER SET utf8 DEFAULT NULL,
  `engname` varchar(300) CHARACTER SET utf8 DEFAULT NULL,
  `teacher` int(10) DEFAULT NULL,
  `co_teacher` int(10) DEFAULT NULL,
  `sec` varchar(4) CHARACTER SET utf8 DEFAULT NULL,
  `branch` int(10) DEFAULT NULL,
  `type_doc` varchar(100) NOT NULL,
  `website` int(1) DEFAULT 0,
  `video` varchar(200) DEFAULT NULL,
  `pdf` varchar(200) DEFAULT NULL,
  `fileZip` varchar(100) DEFAULT NULL,
  `audio` varchar(200) DEFAULT NULL,
  `yt_link` varchar(100) DEFAULT NULL,
  `site_url` varchar(100) DEFAULT NULL,
  `add_by` int(10) DEFAULT NULL,
  `add_date` timestamp NOT NULL DEFAULT current_timestamp()
) ENGINE=InnoDB DEFAULT CHARSET=utf8mb4;

--
-- Dumping data for table `mctarchive`
--

INSERT INTO `mctarchive` (`system_id`, `id`, `std1`, `std2`, `std3`, `std4`, `std5`, `std6`, `thainame`, `engname`, `teacher`, `co_teacher`, `sec`, `branch`, `type_doc`, `website`, `video`, `pdf`, `fileZip`, `audio`, `yt_link`, `site_url`, `add_by`, `add_date`) VALUES
(1671252354, 'DM61203', 'นางสาวชลธิชา นิ่มคำศรี', 'นายไตรภูมิ พรพัฒน์', '', '', '', '', 'การพัฒนาเว็บแอปพลิเคชันเพื่อศึกษาการเลือกสีข้าวพร้อมอาหารของผู้สูงอายุในจังหวัดปทุมธานี', 'Web Application Development to Study The Behavior of Rice Color With Food of The Elderly People in Pathumthani', 4, 0, '2561', 3, '1', 0, '', '1671252354_381552691.pdf', '', '', '', '', 1, '2022-12-17 04:47:19'),
(1671263356, 'DM61244', 'นายชัยไมตรี นกฉลาด', 'นางสาวสุพาพร งามสม', 'นายพลพันธุ์ ขันตี', '', '', '', 'การถ่ายทำภาพยนตร์เสมือนจริงแนวสยองขวัญโดยใช้เทคนิคกล้อง 360 องศา', 'THE STUDY OF IMMERSIVE HORROR MOVIES BY USING 360 CAMERA TECHNIQUE', 6, 0, '2562', 3, '1', 0, '1671263356_1344632689.mp4', '1671263356_1344632689.pdf', '', '', '', '', 42070, '2022-12-17 00:54:10'),
(1671263773, 'DM61214', 'นางสาวอรปรียา พงษ์เผือก', 'นางสาวสุธินันท์ สิงห์บุบผา', '', '', '', '', 'การสร้างสื่อเสมือนจริง เรื่อง ระบบสุริยะ', 'Virtual Reality for Solar System', 3, 0, '2561', 3, '1', 0, '1671263773_1126512381.mp4', '1671263773_1126512381.pdf', '', '', '', '', 42070, '2022-12-17 00:58:29'),
(1671263944, 'DM61211', 'นางสาวอรวรรณ พวงสำเภา', 'นายศรัณ ดวงอุปมา', '', '', '', '', 'การใช้สื่อเหมือนจริงเพื่อฝึกพูดในที่สาธารณะ', 'VIRTUAL REALITY APPLICATION AS A TOOL FOR PUBLIC SPEAKING PRACTIC', 3, 0, '2561', 3, '1', 0, '1671263944_351466641.mp4', '1671263944_351466641.pdf', '', '', '', '', 42070, '2022-12-17 01:00:46'),
(1671264163, 'DM61232', 'นางสาวมนธิดา กุยรัมย์', 'นางสาววรรณภา ช้างแก้วมณี', 'นางสาวมณฑิชา ไตรรัตน์แสง', '', '', '', 'การสร้างแผนที่เพื่อแสดงแอนิเมชั่นด้วยภาพ 2 มิติเสมือน 3 มิติผ่านเทคโนโลยี Augmented Reality', '2D VIRTUAL 3D MAP VIA DEVLOPMENT AUGMENTED REALITY TECHNOLOGY', 4, 0, '2561', 3, '1', 0, '1671264163_1589913557.mp4', '1671264163_1589913557.pdf', '', '', '', '', 42070, '2022-12-17 01:04:53'),
(1671264397, 'DM61208', 'นายสิทธิเดช เบ็ญกูล', 'นายชินพร อัมราภิบาล', '', '', '', '', 'การสร้างเสียงดนตรีบำบัดสำหรับหรับคนที่นอนหลับยากด้วยเทคนิคเสียงสังเคราะห์', 'Synthesis Sound for Sleeping', 3, 0, '2561', 3, '1', 0, '', '1671264397_657681704.pdf', '', '1671264397_657681704.mp3', '', '', 42070, '2022-12-17 01:08:12'),
(1671264604, 'DM61218', 'นางสาวจิรภิญญา ไชยวงษ์', 'นางสาวธัญญลักษณ์ ระรื่น', '', '', '', '', 'การผลิตสื่อปฏิสัมพันธ์โดยใช้สถานการณ์จำลองสำหรับการฝึกปฐมพยาบาลยื้อชีวิตเบื้องต้น', 'DEVELOPMENT OF INTERACTIVE MEDIA PRODUCTION FOR BASIC CPR TRAINING', 3, 0, '2561', 3, '1', 0, '1671264604_1241276057.mp4', '1671264604_1241276057.pdf', '', '', '', '', 42070, '2022-12-17 01:12:40'),
(1671264872, 'DM61217', 'นายชญานนท์  ปุ่นวัฒน์', 'นายฐิติวัฒน์  เกิดสว่าง', '', '', '', '', 'การสร้างสื่อโมชันกราฟิกแบบมีปฏิสัมพันธ์เพื่อส่งเสริมทักษะการเขียนพยัญชนะภาษาไทยสำหรับพัฒนาการช้า (เด็ก LD)', 'Creating interactive graphics media to promote Thai alphabet writing skills for LD students', 4, 0, '2561', 3, '1', 0, '1671264872_389730942.mp4', '1671264872_389730942.pdf', '', '', '', '', 42070, '2022-12-17 01:16:24'),
(1671265974, 'DM61223', 'นายณัฐพล สุดแดง', 'นายพีรวิชญ์ ไชยยะ', 'นางสาวธัญชนก สุวรรณรัต', '', '', '', 'ภาพยนต์สั้น 4 มิติแบบทางเลือก', '4D INTERACTIVE MOVIE', 7, 6, '2561', 3, '1', 0, '', '1671265974_1475204835.pdf', '', '', '', '', 42069, '2022-12-17 01:34:44'),
(1671266087, 'DM61242', 'นายศรัณยู ช่างปรุง', 'นายชุมพร ดำหมึก', 'นายภูวดล เปรมปรง', '', '', '', 'การนำเสนอโบรชัวร์ของวัดพระศรีรัตนศาสดารามด้วยเทคโนโลยี AR', 'Presenting Brochures Of The Emerald Buddha Temple With AR Technology', 4, 0, '2561', 3, '1', 0, '', '1671266087_1667406582.pdf', '', '', '', '', 42069, '2022-12-17 01:36:31'),
(1671266196, 'DM61247', 'นางสาวณิชมน อนันตธนรัตน์', 'นางสาวมานิตา ศรีสัจจะกุล', 'นางสาวคันธมาลี สีสุทร', '', '', '', 'การศึกษากระบวนการแสดงด้านดาราศาสตร์โดยใช้เทคนิคโปรเจคชั่นแมพปิ้งบนโดมแบบถอดประกอบและระบบเสียง 5.1', 'Mobile Projection Mapping Planetarium Dome With 5.1 Surround Sound', 7, 0, '2561', 3, '1', 0, '', '1671266196_1797155325.pdf', '', '', '', '', 42069, '2022-12-17 01:38:45'),
(1671266443, 'DM61250', 'นางสาวกันติณันท์ พิมวิเศษ', 'นายสุพัชระ แดงประดิษฐ', '', '', '', '', 'การผลิตสื่อปฏิสัมพันธ์เพื่อส่งเสริมการมองเห็นของผู้เรียนที่มีความบกพร่องทางสายตาแบบเลือนรางระดับที่ 1-2 ของระดับชั้นประถมศึกษา', 'Production of Interactive media to promote visibility for elementary school students with impaired eyesight, in the form of Level I – II Low Vision', 4, 0, '2561', 3, '1', 0, '', '1671266443_769954861.pdf', '', '', '', '', 42069, '2022-12-17 08:45:51'),
(1671266756, 'DM61213', 'นางสาววรรณวิมล ปัญญาใส', 'นายอรงค์กรณ์ พ่วงศิริ', '', '', '', '', 'การผลิตสื่อปฏิสัมพันธ์เพื่อจำลองพื้นที่เสมือนจริงรูปแบบ 3 มิติของมหาวิทยาลัยเทคโนโลยีราชมงคลธัญบุรี', 'The Production of Interactive Media to Simulate 3D Virtual of Rajamangala University Of Technology Thanyaburi', 4, 0, '2561', 3, '1', 0, '', '1671266756_733693987.pdf', '', '', '', '', 42069, '2022-12-17 08:48:34'),
(1671435329, 'PT46-1', 'นายศราวุธ แสนหมอยา', '', '', '', '', '', 'โครงการศึกษาค่าความขาวขอกระดาษและค่าความดำของหมึกที่พิมพ์ลงบนกระดาษ เคลือบผิวและกระดาษไม่เคลือบผิวที่ใช้พิมพ์ด้วยระบบดิจิทัลออฟเซต', 'The Study whiteness and black of color to Skin Enamel paper and not Skin Enamel paper of digital offset press', 27, 0, '2549', 5, '1', 0, '', '1671435329_85483262.pdf', '', '', '', '', 42069, '2022-12-19 07:38:37'),
(1671435567, 'PT49-1', 'นางสาวพรรษา แสงขำ', 'นายศุภกร วิริยะอัครเดชา', '', '', '', '', 'PT 49 การผลิตกระดาษจากเยื่อยผสมระหว่างเปลือกทุเรียนและกระดาษที่เหลือจากการตัดเจียน', 'The parper manufacture by mixing between a durian\'s exocarp and a rest paper from trimming', 27, 0, '2549', 5, '1', 0, '', '1671435567_170192320.pdf', '', '', '', '', 42069, '2022-12-19 07:41:20'),
(1671436415, 'PT49-3', 'นางสาวภุมิริน สายด้วง', '', '', '', '', '', 'การสร้างเครื่องต้นแบบเคลือบลามิเนตสำหรับสิ่งพิมพ์ระบบไม่สัมผัส', 'construction of the Prototype of Laminating for Publishing in Non Impact Printing', 26, 0, '2549', 6, '1', 0, '', '1671436415_1456571783.pdf', '', '', '', '', 42069, '2022-12-19 07:55:49'),
(1671436562, 'PT49-4', 'นายภักดิ์ภูมิ เจริญลาภ', '', '', '', '', '', 'การออกแบบโปรแกรมประเมินราคาสิ่งพิมพ์ออฟเซตด้วย โปรแกรม Microsoft Excel', 'Software Design for Price Estimate of Offset Print By Microsoft Excel', 27, 0, '2549', 6, '1', 0, '', '1671436562_1296337024.pdf', '', '', '', '', 42069, '2022-12-19 07:57:20'),
(1671436748, 'PT49-5', 'นางสาวกัลยาณี พัดสว่าง', '', '', '', '', '', 'การออกแบบบรรจุภัณฑ์กล่องเค้ก', 'Packaging Design For Cake Box', 62, 0, '2549', 6, '1', 0, '', '1671436748_1316994721.pdf', '', '', '', '', 42069, '2022-12-19 08:00:10'),
(1671436958, 'PT49-1', 'นางสาวนุชติยา ดวงจำปา', '', '', '', '', '', 'การหาสารเคมีอินทรีย์เพื่อทดแทนคลอรีนมาใช้ในการล้างแม่พิมพ์สกรีน', 'TO PREPARATION DESERETE ORGANIC CHEMICAL(DOCS) FOR REPLACEMENT THE CHLORINE ACID FOR CLEANING THE MASTER PRINTING SCREEN', 63, 0, '2549', 6, '1', 0, '', '1671436958_1237461365.pdf', '', '', '', '', 42069, '2022-12-19 08:03:43'),
(1671437121, 'PT50-6', 'นายธีรภัทร พันธุ์พิทย์แพทย์', 'นายอธิศ อึ้งอัจจิมากูล', '', '', '', '', 'การใช้โปรแกรมแปลภาษา กรณีศึกษาหนังสือ การพิมพ์ตามความต้องการ วิวัฒนาการในระบบดิจิตอล', 'TRANSLATOR PROGRAME CASE STUDY OF BOOK OF ON-DEMAND PRITING THE REVOLUTION IN DEGITAL AND CUSTOMIZED PRINTING', 64, 0, '2550', 6, '1', 0, '', '1671437121_2141596555.pdf', '', '', '', '', 42069, '2022-12-19 08:06:26'),
(1671437262, 'PT50-1', 'นางสาวเพ็ญนภา โอเต็ง', '', '', '', '', '', 'การผลิตหมึกพิมพ์สกรีนฐานน้ำโดยใช้ดีหมึกเป็นสารให้สีจากธรรมชาติ', 'WRITER-BASED SCREEN PRINTING INK PRODUCTION BY USIING SQUID\'S CHOLECYST BARURAL COLORANT', 65, 0, '2550', 6, '1', 0, '', '1671437262_1524027077.pdf', '', '', '', '', 42069, '2022-12-19 08:10:42'),
(1671437521, 'PT50-1', 'นางสาวสุดารัตน์ พันธานนท์', '', '', '', '', '', 'พจนานุกรมออนไลน์ศัพท์บัญญัติวิชาการพิมพ์', 'PRINTING DICTIONARY ONLINE', 66, 0, '2550', 6, '1', 0, '', '1671437521_1568323326.pdf', '', '', '', '', 42069, '2022-12-19 08:13:30'),
(1671612402, 'PT51-6', 'นางสาวธิติรัตน์ สุภาฉิม', '', '', '', '', '', 'หมึกพิมพ์สกรีนฐานน้ำโดยใช้ยางก้านบัวเป็นสารยึดติดโดยสารให้สีได้จากธรรมชาติและนำมาสกรีนเพื่อเปรียบเทียบสารยึดติดกับยางกล้วย', 'The study on the Co,parison about the Adhesive of the Water-based Screen Ink between the Use of Lotus Stalk Gum and of Banana Gum', 62, 0, '2552', 6, '1', 0, '', '1671612402_242130585.pdf', '', '', '', '', 42069, '2022-12-21 08:49:18'),
(1671612651, 'PT53-1', 'นายศรายุทธ โกติยะ', '', '', '', '', '', 'การออกแบบบรรจุภัณฑ์เครื่องปั้นนดินเผา กวานอาม่าน', 'Pottery pckaging Design For Kwan Ar Man', 67, 0, '2553', 6, '1', 0, '', '1671612651_1389536438.pdf', '', '', '', '', 42069, '2022-12-21 08:52:06'),
(1671612746, 'PT54-5', 'นายอรรถพร มนต์ประสาธน์', '', '', '', '', '', 'การศึกษาค่าความแตกต่างขนาดเม็ดสกรีน ชนิด เอฟเอ็ม บนกระดาษเคลือบผิว', 'The study of various size of FM screening on the coated-paper', 25, 0, '2554', 6, '1', 0, '', '1671612746_1882040225.pdf', '', '', '', '', 42069, '2022-12-21 09:01:14'),
(1671613282, 'PT54-1', 'อุษา พิมพานิตย์', '', '', '', '', '', 'การออกแบบและพัฒนาบรรจุภัณฑ์ประเภทอาหาร หมูกระจกแม่เล็ก จ.สรบุรี', '\"The development and design of food packaging for \"\"Moo Ka Jog Mea Leg Saraburi Province\"\"\"\"\"', 25, 0, '2554', 6, '1', 0, '', '1671613282_130128425.pdf', '', '', '', '', 42069, '2022-12-21 09:03:07'),
(1671613395, 'PT55-1', 'นางสาวปนัดดา อรรถจรูญ', '', '', '', '', '', 'ความคาดหวังของผู้บริโภคต่อผักและผลไม้ตัดแต่งบนบรรจุภัณฑ์สีต่าง ๆ โดยผ่านทางจอภาพชนิดต่างกัน', 'Expectation of consumers of fresh-cut fruits and vegetables n package colors hrough different types of monitors', 62, 65, '2555', 6, '1', 0, '', '1671613395_506992034.pdf', '', '', '', '', 42069, '2022-12-21 09:04:45'),
(1671613487, 'PT57-1', 'นายอมรพันธ์ เตี้ยเตี๊ยะ', 'นายปัญธวัฒน์ กุลเจริญวรวัชร์', '', '', '', '', 'การผลิตเยื่อและบรรจุภัณฑ์จากไม้ดอกไม้ประดับ', 'Production of pulp and packaging from ornamental plants', 62, 65, '2557', 6, '1', 0, '', '1671613487_1239469662.pdf', '', '', '', '', 42069, '2022-12-21 09:06:28'),
(1671613591, 'PT57-2', 'นายณัฐวรรธน์ ศรีสุวรรณ', 'นายศตวรรษ สุดใจ', '', '', '', '', 'ออกแบบและสร้างโมแม่แบบม่ะม่วงเพื่อผลิตบรรจุภัณฑ์กระดาษลดและป้องกันโรคแอนแทรคโนส สำหรับมะม่วงน้ำดอกไม้', 'Design and produce mango mould prototype for produce paper packaging to reduce and prevent anthracnose of Namdokmai mango', 62, 65, '2557', 6, '1', 0, '', '1671613591_948031487.pdf', '', '', '', '', 42069, '2022-12-21 09:08:32'),
(1671697376, 'PT57-3', 'นายชัยศักดิ์ สุรินราช', 'นายปัฐวี ชุ่มชื่น', '', '', '', '', 'การพัฒนาหมึกพิมพ์สกรีนโดยการใช้สารยึดติดจากน้ำยางพาราและสารให้สีจากดิน', 'Development of screen printing inks by using rubber latex and soil', 62, 65, '2557', 6, '1', 0, '', '1671697376_1088305570.pdf', '', '', '', '', 42069, '2022-12-22 08:24:46'),
(1671697497, 'PT57-4', 'นางสาวสุมัญหนา พุ่มนารินทร์', 'นางสาวอารีรัตน์ คำปรีดา', 'นางศรายุทธ ไม้พานิช', '', '', '', 'การออกแบบหนังสืออิเ็กทรอนิกส์นิทานอิสป 2 ภาษา (ไทย-อังกฤษ)', 'To design Aesop\'s Fables Electronic Book in  languages (Thai-English)', 62, 0, '2557', 6, '1', 0, '', '1671697497_422323922.pdf', '', '', '', '', 42069, '2022-12-22 08:27:15'),
(1671697637, 'PT50-2', 'นางสาวอุษณีษ์ เอมปรากฏ', '', '', '', '', '', 'การศึกษาคุณสมบัติของกระดาษหัตถกรรมในเขตภาคกลางของประเทศไทย', 'The property education of Handicraft paper in the Middle part of Thailand', 62, 0, '2550', 6, '1', 0, '', '1671697637_2074544345.pdf', '', '', '', '', 42069, '2022-12-22 08:29:57'),
(1671697804, 'PT50-3', 'นางสาววรณิศา กาญจนอนันต์', '', '', '', '', '', 'คุณภาพของกระดาษหัตถกรรมในเขตภาคเหนือของประเทศไทย', 'The quality of handicraft paper in Northern region of Thailand', 62, 0, '2550', 6, '1', 0, '', '1671697804_1588023248.pdf', '', '', '', '', 42069, '2022-12-22 08:31:43'),
(1671697906, 'PT50-4', 'นางสาวพิไลวรรณ นวลสุวรรณ์', 'นางสาวไพริน ถิ่นน้อย', '', '', '', '', 'การผลิตหมึกพิมพ์แบบพ่นหมึกจากสารให้สีจากธรรมชาติ ลงบนผ้าไหมและกระดาษปอนด์', 'The Production of printing ink from natural colorants on silk and bound paper', 27, 0, '2550', 6, '1', 0, '', '1671697906_54804596.pdf', '', '', '', '', 42069, '2022-12-22 08:33:40'),
(1671698026, 'PT51-1', 'นางสาวกนกพร พลับนิล', '', '', '', '', '', 'การผลิตกระดาษหัถกรรมจากเปลือกข้าวโพดโดยการขึ้นรูปด้วยมือ', 'The production of handicraft paper from corn skin with manual froming process', 27, 0, '2551', 6, '1', 0, '', '1671698026_2087142144.pdf', '', '', '', '', 42069, '2022-12-22 08:36:28'),
(1671698319, 'PT57-5', 'นางสาวกสินา ศิลายงค์', '', '', '', '', '', 'การพัฒนาสารเคลือบบนแผ่นกระดาาเพื่้อยืดอายุการเก็บรักษามะม่วงน้ำดอกไม้สีทอง', 'Development of Coated paper to Prolong Shelf Lift of Mango Namdokmai Sitgong', 62, 65, '2557', 6, '1', 0, '', '1671698319_964147740.pdf', '', '', '', '', 42069, '2022-12-22 08:40:56'),
(1671698462, 'PT55-2', 'นางสาวนันท์ชลี อินทศร', '', '', '', '', '', 'ออกแบบหนังสือ Pop-Up นิทานคุณธรรม สำหรับเด็กปฐมวัย', 'Fable-popup designing for childhood', 62, 0, '2555', 5, '1', 0, '', '1671698462_218423116.pdf', '', '', '', '', 42069, '2022-12-22 08:42:58'),
(1671698580, 'PT53-2', 'นางสาวดารารัตน์ วงค์สุพชัย', 'นางสาวโครญา พรมรุ่งโรจน์', 'นางสาวอรสา บุญยอด', '', '', '', 'การศึกษารูปแบบของการออกแบบจัดหน้าสิ่งพิมพ์ เพื่อใช้สำหรับเอกสารการศึกษา', 'study the format of designing very in front printed matters for uses for education document', 27, 0, '2553', 6, '1', 0, '', '1671698580_1560545444.pdf', '', '', '', '', 42069, '2022-12-22 08:48:00'),
(1671698882, 'PT54-2', 'นายสหรัฐ บุญส่ง', '', '', '', '', '', 'การผลิตหนังสืดดิจิทัลระบบปฏิบัติการไอโอเอส เรื่อง ขนมไทย', 'Creating Digital Book for iOS Platform of Thai Desserts', 27, 0, '2554', 6, '1', 0, '', '1671698882_611169419.pdf', '', '', '', '', 42069, '2022-12-22 08:49:33'),
(1671698980, 'PT54-6', 'สุวัฒน์ จุลเพชร', 'นางสุพัตรา พัดโท', '', '', '', '', 'การศึกษาอุณหภูมิในการเผาที่มีผลต่อค่าสีของงานพิมพ์สกรีนรูปลอก', 'The study of the temperature in burning effecting to the color in Decal\'s printing screen', 28, 0, '2554', 6, '1', 0, '', '1671698980_705059877.pdf', '', '', '', '', 42069, '2022-12-22 08:51:43'),
(1671699106, 'PT54-3', 'นางสาวจิราภา จิตรราภิรมย์', 'นางสาวอมรรัตน์ นามวงศ์', '', '', '', '', 'การศึกษาความพึงพอใจของผู้บริโภคสิ่งพิมพ์จต่องานหลังพิมพ์', 'The studies of consumer satisfaction with postpress process', 27, 0, '2554', 6, '1', 0, '', '1671699106_1758711602.pdf', '', '', '', '', 42069, '2022-12-22 08:54:16'),
(1671699264, 'PT55-3', 'นายธีรวัจน์ สุขเกษม', '', '', '', '', '', 'การออกแบบคู่มือท่องเที่ยวศูนย์ศึกษาธรรมชาติและท่องเที่ยวเชิงนิเวศเจ็ดคด-โป่งก้อนเส้า', 'The Guide book design for jedkod pongkonsao natural study and ecotourism center', 27, 0, '2555', 6, '1', 0, '', '1671699264_2053338772.pdf', '', '', '', '', 42069, '2022-12-22 08:56:00'),
(1671699364, 'PT55-4', 'นางสาวศิริรัตน์ แสงจนัทร์ฉาย', '', '', '', '', '', 'การหาอัตราส่วนในการผลิตหมึกพิมพ์สกรีนโดยใช้ยางกล้วยเป็นเรซินและสารให้สีจากธรรมชาติ', 'Studies find the ratio in the production of screen printing ink resins using a rubber banana Materials and colors of nature', 62, 0, '2555', 6, '1', 0, '', '1671699364_1295417340.pdf', '', '', '', '', 42069, '2022-12-22 08:58:47'),
(1671699532, 'PT50-5', 'นางสาวสุภาวดี พ่มลำเจียก', '', '', '', '', '', 'การเปรียบเทียบขอบเขตสีของภาพบนเครื่องพิมพ์ระบบพ่นหมึก', 'Comparison of colour gamut base on inkjet printer', 67, 0, '2550', 6, '1', 0, '', '1671699532_624902801.pdf', '', '', '', '', 42069, '2022-12-22 09:00:18'),
(1671699623, 'PT54-4', 'นางสาววิกาญดา ฟุ้มเฟือย', 'นางสาวจิรวดี วิตรเถียร', 'นางสาวพรพรรณ ภัทรนิธิคุณ', '', '', '', 'การศึกษาความต้องการ การทดสอบมาตรฐานฝีมือแรงงานแห่งชาติของช่างพิมพ์ออเซตป้อนแผ่น', 'The study of testing needed in the standard of nation labor\'s skill of the pressman offset cutsheet', 62, 0, '2554', 6, '1', 0, '', '1671699623_1412516188.pdf', '', '', '', '', 42069, '2022-12-22 09:02:29'),
(1671699757, 'PT49-2', 'นางสาวนริศา สังข์เมือง', '', '', '', '', '', 'การผลิตกระดาษป้องกันมดจากเยื่อกกลม', 'Production of paper made from the circle reedfiber to protect the Ant', 62, 0, '2549', 6, '1', 0, '', '1671699757_357267558.pdf', '', '', '', '', 42069, '2022-12-22 09:04:31'),
(1671700368, 'PT 47-1', 'นายธนิก ศรีวิชัย', '', '', '', '', '', 'การใช้ประแจกรอกแกรกขึงผ้าสกรีน', 'Using of ratchet handle fabric stretching', 26, 0, '2548', 6, '1', 0, '', '1671700368_619189842.pdf', '', '', '', '', 42069, '2022-12-22 09:14:26'),
(1672237275, 'DM61227', 'นายพีรพล พยุงวงค์', 'นายกวินทร์ ดวงตา', '', '', '', '', 'การสร้างภาพ 3 มิติ ความจริงเสริมจริงบนโทรศัพท์มือถือเพื่อการเลือกซื้อเฟอร์นิเจอร์ออนไลน์', '3D Dimension Augmented Reality On Smartphone For Buying Furniture Online', 2, 0, '2561', 3, '1', 0, '', '1672237275_771414253.pdf', '', '', '', '', 42070, '2022-12-28 14:27:28'),
(1672237679, 'DM61255', 'นางสาวธิดาวรรณ ลอดภัย', 'นางสาวศิยาทร ทองสุข', 'นางสาวอัญณิการ์ แพรสกุล', '', '', '', 'การสร้างสื่อการนำเสนอประวัติศาสตร์โบราณสถานปราสาทพิมาย  โดยใช้เทคนิค Projection Mapping', 'THE CREATE MEDIA FOR PRESENTING HISTORY OF PHIMAI HISTORICAL PARK BY USING PROJECTION MAPPING TECHNIQUE', 6, 0, '2561', 3, '1', 0, '1672237679_735373654.mp4', '1672237679_735373654.pdf', '', '', '', '', 42070, '2022-12-28 14:31:34'),
(1672237989, 'DM61229', 'นางสาวชริดา เสนา', 'นายภาณุวัฒน์ แจ่มรุจี', 'นายสกาย แสงสุระ', '', '', '', 'การออกแบบและพัฒนาระบบยืมคืนครุภัณฑ์การจัดแสงสำหรับงานผลิตสื่อ', 'DESIGN AND DEVELOPMENT OF RETRIEVAL SYSTEM FOR MEDIA PRODUCTION LIGHTING EQUIPMENT', 5, 0, '2561', 3, '1', 0, '', '1672237989_941647643.pdf', '', '', '', '', 42070, '2022-12-28 14:34:43'),
(1672238147, 'DM61230', 'นางสาวชาณิดา สีดาว', 'นายจิรายุ สาทอง', 'นางสาวศศินา มาลา', '', '', '', 'การศึกษาการสร้างลวดลายบนพื้นผิวรถยนต์ด้วยเทคนิค 3D Projection Mapping', 'THE STUDY OF CAR\'S TEXTURE SIMULATION BY USING 3D PROJECTION MAPPING TECHNIQUES', 7, 0, '2561', 3, '1', 0, '1672238147_698171802.mp4', '1672238147_698171802.pdf', '', '', '', '', 42070, '2022-12-28 14:39:07'),
(1672238365, 'DM61221', 'นายภธรเดช ปิติโชคเดชอุดม', 'นายพีรพล เฉยภิรมย์', '', '', '', '', 'การผลิตสื่อวีดิทัศน์สำหรับประชาสัมพันธ์ศูนย์ฝึกงานการโรงแรมราชบงกชโดยใช้เทคนิค HDR Video บนเว็บไซต์', 'THE VIDEO PRODUCTIONTO PRESENT RAJABONGKOD HOTEL TRAINING CENTER WITH HDR VIDEO TECHNIQUE ON WEBSITE', 4, 0, '2561', 3, '1', 0, '1672238365_233957131.mp4', '1672238365_233957131.pdf', '', '', '', '', 42070, '2022-12-28 14:43:17'),
(1672238685, 'DM61225', 'นางสาวณัฐวรา โสปิยะ', 'นายปิยะ เฟื่องภักดี', '', '', '', '', 'การผลิตสื่อรายการข่าวเพื่อให้ความรู้เกี่ยวกับแผ่นดินไหวโดยใช้เทคนิคอิมเมอร์ซีฟกราฟิก', 'THE PRODUCTION OF NEWS FOR GIVING EARTHQUAKE KNOWLEDGE USING IMMERSIVE GRAPHIC TECHNIQUE', 6, 0, '2561', 3, '1', 0, '1672238685_1294401174.mp4', '1672238685_1294401174.pdf', '', '', '', '', 42070, '2022-12-28 14:48:46'),
(1672238939, 'DM61237', 'นายพันธกานต์ โพธิ์ไทรย์', 'นายวีรพงษ์ บัวฉ่ำ', '', '', '', '', 'ดนตรีดิจิทัลผสานเสียงธรรมชาติเพื่อการนอนหลับ', 'Digital Music Composition with Selective Natural Ambient Sampling for Sleeping with ease', 7, 0, '2561', 3, '1', 0, '', '1672238939_750200567.pdf', '', '1672238939_750200567.mp3', '', '', 42070, '2022-12-28 14:50:53'),
(1672239066, 'DM61239', 'นายกุลิสร์ สังฆมิตกล', 'นายกัณภัค วิสุทธิมรรค', '', '', '', '', 'การศึกษาความแตกต่างของ BIT DEPTH ของสื่อประชาสัมพันธ์สถานที่ท่องเที่ยวจังหวัดเพชรบูรณ์ ด้วยเทคนิค TIME LAPSE', 'THE STUDY BIT DEPTH DIFFERENCE OF ADVERTISING MEDIA TO PROMOTE TOURIST PLACE IN PHETCHABUN PROVINCE BY USING TIME LAPSE TECHNIQUE', 6, 0, '2561', 3, '1', 0, '1672239066_677647754.mp4', '1672239066_677647754.pdf', '', '', '', '', 42070, '2022-12-28 14:53:39'),
(1672239233, 'DM61249', 'นายภูมิชญา ภู่ระหงษ์', 'นายสืบสกุล นิยม', '', '', '', '', 'การสร้างปฏิทินวันสำคัญทางสิ่งแวดล้อมด้วยเทคนิคภาพเสมือนจริงในรูปแบบโมชันกราฟิก', 'PRODUCTION OF ENVIRONMENT DAY CALENDAR FOR AUGMENTED REALITY WITH MOTION GRAPHIC', 2, 0, '2561', 3, '1', 0, '1672239233_1635585209.mp4', '1672239233_1635585209.pdf', '', '', '', '', 42070, '2022-12-28 14:55:52'),
(1672239419, 'DM61253', 'นายธัญพิสิษฐ์ เพชรคงทอง', 'นายเกริกพล พวงมณี', '', '', '', '', 'การถ่ายทำสารคดีท่องเที่ยวโดยใช้อุปกรณ์ Wiral Lite', 'The Production of Travel Documentary Using Wiral Lite Device', 6, 0, '2561', 3, '1', 0, '1672239419_1669230481.mp4', '1672239419_1669230481.pdf', '', '', '', '', 42070, '2022-12-28 14:59:11'),
(1672239613, 'DM61205', 'นายวิริยะ โตเหมือน', 'นายกิตติพล แก้วแกว่งกวาย', '', '', '', '', 'การผลิตสื่อปฏิสัมพันธ์รูปแบบ 3 มิติจำลองสถานที่พุทธคยาจำลอง วัดปัญญานันทาราม บนเว็บไซต์', 'PRODUCTION OF BODH GAYA MODEL 3D INTERACTIVE PANYANANTHARAM TEMPLE ON WEBSITE', 2, 0, '2561', 3, '1', 0, '', '1672239613_802974991.pdf', '', '', '', '', 42070, '2022-12-28 15:01:35'),
(1672239711, 'DM61235', 'นายจิตตภัทร ปะมะโต', 'นายวิโรจน์ ตั้งประสิทธิ์', 'นายสมเดช คำหม่อม', '', '', '', 'การพัฒนาสื่อในรูปแบบวิดีโอเกม 3 มิติ ด้วยโปรแกรม Unreal Engine', 'DEVELOPMENT MEDIA OF A 3D GAME WITH PROGRAM UNREAL ENGINE', 2, 0, '2561', 3, '1', 0, '', '1672239711_938585218.pdf', '', '', '', '', 42070, '2022-12-28 15:03:13'),
(1672239802, 'DM61207', 'นางสาวขนิษฐา ลาดเสน', 'นางสาวกันตินันท์ น้อยทรงค์', '', '', '', '', '\"การผลิตสื่อภาพเสมือนจริง 3 มิติเพื่อนำเข้าสู่บทเรียนรายวิชา สังคม เรื่อง \"\"ภูมิศาสตร์ของประเทศไทย\"\" ของช่วงชั้นประถมศึกษาปีที่ 4 - 6 (ประถมศึกษาตอนปลาย)\"', 'PRODUCTION OF AUGMENTED REALITY TO PREPARE LEARNING OF SOCIAL STUDIES FOR ELEMENTARY STUDENT (GRADE 4 - 6)', 2, 0, '2561', 3, '1', 0, '', '1672239802_1280886709.pdf', '', '', '', '', 42070, '2022-12-28 15:05:00'),
(1672248015, 'DM61241', 'นายชินกฤต ต้องทรัพย์', 'นายธนากร อรรถกรวิกรัย', 'นายกรองเทพ โตสกุล', '', '', '', 'การนำเสนอแฟชั่นสมัยใหม่ โดยใช้เทคโนโลยี 3D Projection Mapping', 'MODERN FASHION SHOW USING 3D PROJECTION MAPPING TECHNIQUES', 3, 68, '2561', 3, '1', 0, '1672248015_1662335620.mp4', '1672248015_1662335620.pdf', '', '', '', '', 42069, '2022-12-28 17:24:09'),
(1672977585, 'DM60UN1', 'นายกิตติบูรณ์ สืบเพ็ง', 'นายศุภวิชญ์ สุขสถิตย์', 'นายสันติธร สะสม', '', '', '', 'การเปรียบเทียบการรับรู้ข่าวสารผ่านวิทยุออนไลน์ของนักศึกษาคณะเทคโนโลยีสื่อสารมวลชน', 'THE COMPARISON OF MASS COMMUNICATION TECHNOLOGY STUDET’S PERCEPTION VIA MCT RADIO NETWORK', 5, 0, '2560', 3, '1', 0, '', '1672977585_2018136042.pdf', '', '', '', '', 42069, '2023-01-06 04:01:52'),
(1672977716, 'DM60UN2', 'นายพัชระเมศฐ์ ทองสำฤทธิ์', 'นายภัทรภูมิ พันธุเอี่ยม', 'นายสหรัฐ พิมลสวัสดิ์', '', '', '', 'การพัฒนาแอพพลิเคชั่นเพื่อการศึกษาท่าไม้มวยท่าเสาพระยาพิชัยดาบหักโดยใช้เทคนิค Motion Capture', 'THE APPLICATION DEVERLOPMENT FOR THAI BOXING STUDY (THA SAO-PRATAPICHAI\'S BOXING) BY USING MOTION CAPTURE', 3, 7, '2560', 3, '1', 0, '', '1672977716_2024891090.pdf', '', '', '', '', 42069, '2023-01-06 04:04:22'),
(1672977865, 'DM60UN3', 'นางสาววชิรญาณ์ เอกวงษ์', 'นางสาวชฎามาศ สุพรรณภิรมย์', 'นางสาวนพาภรณ์ มั่งนิมิตร', '', '', '', 'การศึกษาพัฒนาแอพพลิเคชั่นแสดงข้อมูลราคาข้าวเปลือกบนระบบปฏิบัติการแอนดรอยด์', 'THE STUDY OF RICE APPLICATION DEVELOPMENT ON ANDROID OPERATING SYSTEM', 4, 0, '2560', 3, '1', 0, '', '1672977865_229561837.pdf', '', '', '', '', 42069, '2023-01-06 04:06:17'),
(1672977992, 'DM60UN4', 'นายนัทธ์พงศ์ เณรรอด', 'นายบริบูรณ์ พรายจรูญ', 'นายอภิสิทธ์ สท้านธรนิล', '', '', '', 'การพัฒนาระบบบริหารจัดการวัสดุครุภัณฑ์เพื่อการผลิตสื่อกรณีศึกษาคณะเทคโนโลยีสื่อสารมวลชน', 'THE DEVELOPMENT OF CIRCULATION SERVICES MANAGEMENT FOR MEDIA PRODUCTION OF FACULTY OF MASS COMMUNICATION TECHNOLOGY', 5, 0, '2560', 3, '1', 0, '', '1672977992_736254659.pdf', '', '', '', '', 42069, '2023-01-06 04:08:44'),
(1672978161, 'DM60UN5', 'นายพชรพล แสงทอง', 'นายธนดล ทรงเจริญ', '', '', '', '', 'การผลิตภาพยนตร์รณรงค์เรื่องการสวมหมวกนิรภัยโดยใช้เทคนิคโมชั่นกราฟฟิค', 'THE PRODUCTION OF SHORT FILM PROMOTING RIDER AWARENESS BY WEARING A HELMET', 6, 0, '2560', 3, '1', 0, '', '1672978161_1434713851.pdf', '', '', '', '', 42069, '2023-01-06 04:10:25'),
(1672978248, 'DM60UN6', 'นายอาชวินท์ ภิรมย์รัก', '', '', '', '', '', 'การศึกษาการสร้างแบบจำลอง 3 มิติด้วยเครื่องสแกน3 มิติเพื่อนำเสนอนิทรรศการศิลปะออนไลน์ ', 'THREE - DIMENSIONAL IMAGING FOR ONLINE ARTS EXHIBITION', 2, 0, '2560', 3, '1', 0, '', '1672978248_154990064.pdf', '', '', '', '', 42069, '2023-01-06 04:12:02'),
(1672978335, 'DM60UN7', 'นายพงศกร เรืองวงษ์', 'นายเตวิช เชาวนะ', 'นายพีรณัฐ จำเนียรกาบ', '', '', '', 'การแสดง Live Performance โดยใช้เทคนิค Motion Sensor กรณีศึกษางานเปิดตัวเกม Swagger', 'MOTION SENSOR TECHNOLOGICAL IMPLEMENTED FOR LIVE PERFORMANCE OF SWAGGER GAME OPENING', 3, 7, '2560', 3, '1', 0, '', '1672978335_649140860.pdf', '', '', '', '', 42069, '2023-01-06 04:14:33'),
(1672978499, 'DM60UN8', 'นายนิธิ ธานา', 'นางสาว ปรีชานุกุล', 'นางสาวดุสิดา แสนทรัพย์', '', '', '', 'การศึกษาแนวทางการแก้ปัญหาการใช้งานระบบบริหารจัดการสื่อกรณีศึกษา คณะเทคโนโลยีสื่อสารมวลชน ', 'THE STUDY OF SOLUTIONS FOR USING MEDIA ASSET MANAGEMENT CASE STUDY OF FACULTY OF MASS COMMUNICATION TECHNOLOGY', 5, 0, '2560', 3, '1', 0, '', '1672978499_741502648.pdf', '', '', '', '', 42069, '2023-01-06 04:16:14'),
(1672978586, 'DM60UN9', 'นายธราดล เกสรเทียน', 'นายวรากร พุ้ยน้อย', '', '', '', '', 'การผลิตสื่อโฆษณารณรงค์เพื่อตระหนักถึงการสูบบุหรี่ โดยใช้เทคนิค 3D และเทคนิค Mark Tracking', 'ADVERTISING CAMPAIGN TO INCREASE AWARENESS OF SMOKING BY USING 3D TECHNIQUE AND MARK TRACKING', 6, 0, '2560', 3, '1', 0, '', '1672978586_887852594.pdf', '', '', '', '', 42069, '2023-01-06 04:18:30'),
(1672978739, 'DM60UN10', 'นางสาวชิดชนก ก้อนทอง', 'นางสาวปัฐวิกรณ์ ต่อแต้ม', 'นางสาวปวรา ปฎิทัศน์', '', '', '', 'การพัฒนาแอปพลิเคชันวิทยุออนไลน์', 'THE DEVELOPMENT OF ONLINE RADIO APPLICATION', 5, 0, '2560', 3, '1', 0, '', '1672978739_1530031155.pdf', '', '', '', '', 42069, '2023-01-06 04:20:04'),
(1672978813, 'DM60UN11', 'นางสาวชนิภรณ์ ประดิษฐธำรงค์', 'นางสาวอลิสา สนิทใจ', 'นางสาวสุภาพร ชาญวิชิต', '', '', '', 'การพัฒนาเว็บไซต์แฟ้มสะสมผลงานดิจิทัลของนักศึกษาคณะเทคโนโลยีสื่อสารมวลชน ', 'THE DEVELOPMENT OF DIGITAL PORTFOLIO ARCHIVE FOR MASS COMMUNICATION TECHNOLOGY\'S STUDENT', 4, 0, '2560', 3, '1', 0, '', '1672978813_651567322.pdf', '', '', '', '', 42069, '2023-01-06 04:21:24'),
(1672978894, 'DM62UN1', 'นาวสาวปัจรัตน์ ศิลปกอบ', 'นางสาวณัชชา พูลโภคา', 'นางสาววรนุช สง่างาม', '', '', '', 'การสร้างสื่อเพื่อส่งเสริมการเรียนรู้ด้านการสื่อความหมายและการรับรู้ความหมายเพื่อฝึกทักษะการดำรงชีวิตสำหรับเด็กออทิสติก กรณีศึกษา ศูนย์การศึกษาพิเศษประจำจังหวัดปทุมธานี', 'CREATING MEDIA TO SIMULATION COMMUNICATION AND AWARENESS FOR PRACTICAL SKILLS OF LIVING IN AUTISTIC MIDDLE-AGED CHILDREN STUDY CASE OF PATHUM THANI SPECIAL EDUCATION CENTER', 4, 0, '2562', 3, '1', 0, '', '1672978894_1179519606.pdf', '', '', '', '', 42069, '2023-01-06 04:23:29'),
(1672979014, 'DM62UN2', 'นางสาวนนทวรรณ แสงอรุณฉาย', 'นางสาวปวีณรัตน์ ศรัทธาธรรม', 'นางสาวปวีณรัตน์ ศรัทธาธรรม', '', '', '', 'การสร้างเกมใช้คำผิดและคำถูกในภาษาไทย สำหรับเด็กชั้นประถมศึกษาปีที่ 2', 'THE CREATION OF GAME FOR TEACHING PRIMARY 2 STUDENTSABOUT MISSPELLING WORDS AND CORRECT SPELLING WORDS IN THAI', 4, 0, '2562', 3, '1', 0, '', '1672979014_73193899.pdf', '', '', '', '', 42069, '2023-01-06 04:25:52'),
(1672979166, 'DM62UN3', 'นางสาวปฏิภาภรณ์ คุ้มทอง', 'นางสาวจารุภา เกียรติพงษ์', '', '', '', '', 'การสร้างระบบสืบค้นล่ามภาษามืออิเล็กทรอนิกส์เพื่อการติดต่อสื่อสารในรูปแบบตัวละครสามมิติ', 'CREATING THE SEARCH ENGINE SYSTEM FOR THE ELECTRONIC SIGN LANGUAGE INTERPRETER IN THE FORM OF THREE-DIMENSIONAL CHARACTERS', 4, 0, '2562', 3, '1', 0, '', '1672979166_772041460.pdf', '', '', '', '', 42069, '2023-01-06 04:27:14'),
(1672979267, 'DM62UN4', 'นายปิยะภัทร ศรีเพ็ชร', 'นายเอกชัย คำอ่อง', 'นางสาวนฤมล ฉ่ำนารายณ์', '', '', '', 'การผลิตสื่อโฆษณาเพื่อโปรโมทหลักสูตรเทคโนโลยีสื่อดิจิทัล', 'THE PRODUCTION ADVERTISING MEDIA FOR PROMOTE DIGITAL MEDIA CURRICULUM', 6, 0, '2562', 3, '1', 0, '', '1672979267_1379452659.pdf', '', '', '', '', 42069, '2023-01-06 04:29:19'),
(1672979389, 'DM62UN5', 'นายพงศ์พิสุทธิ์ สวยรูป', 'นางสาวคู่ชนารถ บุญสุวรรณ', '', '', '', '', 'การพัฒนาเว็บไซต์ส่งเสริมการเข้าถึงกิจกรรมในรูปแบบดิจิทัลเพื่อส่งเสริมการท่องเที่ยวเชิงนิเวศ กรณีศึกษา : สวนเกษตรอินทรีย์สวนฟุ้งขจร', '\"THE DEVELOPMENT OF A WEBSITE TO SUPPORT DIGITAL MEDIA ACTIVITIES FOR ECOTOURISM CASE STUDY OF \"\"SUAN FUNG KHA JORN\"\" ORGANIC FARMING\"', 2, 0, '2562', 3, '1', 0, '', '1672979389_1528941334.pdf', '', '', '', '', 42069, '2023-01-06 04:31:02'),
(1674024942, 'AP52-1', 'นางสาวอารีรัตน์ ราชพิทักษ์', 'นางสาวอัญชลี วัลลา', 'นางสาวปริญญาพร ภัทรกุลภักดี', 'นางสาวพนิดา เกรียงทวีทรัพย์', '', '', 'การผลิตงานโฆษณาเพื่อการประชาสัมพันธ์ในการสร้างภาพลักษณ์ของบริษัท บางกอกกล๊าส จำกัด', 'The Production of advertising for public relations to create the image of Bangkok Glass Industery Co.,Ltd..', 69, 37, '2553', 5, '1', 0, '', '1674024942_1797970134.pdf', '', '', '', '', 42069, '2023-01-18 06:56:52'),
(1674025521, 'PT48-1', 'อนันต์ สีเหนี่ยง', '', '', '', '', '', 'การออกแบบบรรจุภัณฑ์เสื้อยืด', 'Packaging design for T-Shirt', 62, 0, '2548', 6, '1', 0, '', '1674025521_179758443.pdf', '', '', '', '', 42069, '2023-01-18 07:08:39'),
(1674026120, 'PT47-1', 'เอกพล ันทรมณีวงศ์', '', '', '', '', '', 'ผลของการสร้างภาพโดยใช้รูปแบบสกรีนผสมเปรียบเทียบกับรูปแบบเอเอ็มสกรีน', 'Result of creating image via the use of Sublima to compare to AM screening system', 25, 70, '2548', 6, '1', 0, '', '1674026120_1411081191.pdf', '', '', '', '', 42069, '2023-01-18 07:17:35'),
(1674026265, 'PT53-1', 'นางสาวขวัญฤดี สีแก้ว', 'นางสาวสุภาภรณ์ ปรีชา', '', '', '', '', 'การศึกษาประเภทของสารเคลือบผิวและวิธีการเคลือบผิวที่มีผลต่อสีและคุณสมบัตต่าง ๆ ของสิ่งพิมพ์ในการพิมพ์ออฟเ.ตจลิธอกราฟี', 'The Study in differemt coating agent and different method of coating effected to colour and print quality in Offset lithography printing process', 25, 0, '2553', 6, '1', 0, '', '1674026265_1570196911.pdf', '', '', '', '', 42069, '2023-01-18 07:22:40'),
(1674027378, 'PT53-2', 'นายพิเชษฐ์ สุ่ความดี', 'นายวรกฤต เกรียงวิภา', 'นายฝน วัฒนสุธิสาร์', '', '', '', 'การผลิตกระดาษจากเหยื่อต้นกกผสมเยื่อเศษกระดาษปอนด์โดยการขึ้นรูปด้วยเครื่อง', 'Paper Production of Papyrus Pulp Mixed Waste Pound Paper Pulp by the Molding Machine', 27, 0, '2553', 6, '1', 0, '', '1674027378_1459065276.pdf', '', '', '', '', 42069, '2023-01-18 07:48:55'),
(1674028148, 'PT53-3', 'นางสาวสุชานาถ เอี่ยมกาย ', 'นายธิบดี สรรพกิจ', 'นางสาวพรรณิภา อินทมาตย์', '', '', '', 'แบบประเมินความรู้พื้นฐานระบบการพิมพ์ออฟเซตของช่างพิมพ์ในอุตสาหกรรมการพิมพ์', 'The Study questionnaire basis offset press for technicians in printing industry', 27, 0, '2553', 6, '1', 0, '', '1674028148_58254411.pdf', '', '', '', '', 42069, '2023-01-18 07:51:07'),
(1674028279, 'PT53-4', 'นางสาวภิญญาพัชญ์ นิธิกุลรัตนา', '', '', '', '', '', 'การออกแบบบรรจุภัฑณ์กะหรี่ปั๊บ', 'Curry Puff\'s packaging disign', 26, 0, '2553', 6, '1', 0, '', '1674028279_1153628618.pdf', '', '', '', '', 42069, '2023-01-18 07:53:16'),
(1674028951, 'PT53-5', 'นายรัชพังศ์ วงศ์แพทย์', 'นายอภิลักษณ์ แสนสุข', '', '', '', '', 'ปัจจัยในการบริหารงานที่ส่งผลสำเร็จ่อองค์กรของโรงพิมพ์ออฟเซต จังหวัดปทุมธานี', 'Management Factors Affecting to succesful offset Press Organizations of Pathumthani Province', 27, 0, '2553', 6, '1', 0, '', '1674028951_845013678.pdf', '', '', '', '', 42069, '2023-01-18 08:05:14'),
(1674029244, 'PT53-6', 'นายพชร รุ่งเรืองศักดิ์', 'นายพนากร มีมนต์', '', '', '', '', 'การนำกลรเซอรอลเข้ามาทดแทนไอโซโพรพิลแอลกอฮอล์ในน้ำยาฟาวน์เทน', 'Isage of Glycerol Instead of IPA in fountain solution', 25, 0, '2553', 6, '1', 0, '', '1674029244_1481116381.pdf', '', '', '', '', 42069, '2023-01-18 08:10:06'),
(1674029820, 'P53-1', 'นางสาวรัฐญา ผาสุขใจ', '', '', '', '', '', 'การออกแบบบรรจุภัณฑ์สำหรับเทียนแกะสลักจำลอง', 'Packaging design canfle carving mogel', 25, 72, '2553', 6, '1', 0, '', '1674029820_2108058424.pdf', '', '', '', '', 42069, '2023-01-18 08:19:13'),
(1674029965, 'PT53-7', 'นางสาวธนพรรณ อินทกาญจน์', '', '', '', '', '', 'การออกแบบบรจุภัณฑ์สำหรับขนมไทยแม่ฉวี', 'Packaging Design for Thai Sweet ', 67, 0, '2553', 6, '1', 0, '', '1674029965_463496170.pdf', '', '', '', '', 42069, '2023-01-18 08:20:50'),
(1674030058, 'PT47-2', 'นางสาวษุรัยยา สวัสดิภาพ', '', '', '', '', '', 'คุณภาพงานพิมพ์ที่ได้จากการพิมพ์ผ่านผ้าสกรีนสีขาวและผ้าสกรีนย้อมสี', 'Print Quality of White Screen Fabric Printing and Dyed Screen Fabric Printing', 26, 0, '2548', 6, '1', 0, '', '1674030058_780798303.pdf', '', '', '', '', 42069, '2023-01-18 08:22:38'),
(1674030168, 'PT47-3', 'นางสาวรัชนก รอดสังวาลย์', '', '', '', '', '', 'อุณหภูมิที่เหมาะสมในการพิมพ์ฮอตแสตมป์บนสิ่งพิมพ์ประเภทกระดาษ', 'The proper Temperature for hot stamping process on paper print sheet', 26, 0, '2548', 6, '1', 0, '', '1674030168_877139073.pdf', '', '', '', '', 42069, '2023-01-18 08:24:05'),
(1674030293, 'P47-1', 'นายสุวิทย์ มุขไธสง', '', '', '', '', '', 'การรองหนุนเทปกาวสำหรับภาพพิมพ์สกรีนและพื้นทึบในระบบการพิมพ์เฟล็กโซกราฟี', 'Packing Tapes for Halftone and Solid Printing of Flexography Printing', 73, 0, '2548', 6, '1', 0, '', '1674030293_725905484.pdf', '', '', '', '', 42069, '2023-01-18 08:26:27'),
(1674206724, 'MM51-1', 'สุวิทย์ บางบ่อ', 'วัชพล เชวงชาว์', 'เกริกไกร โพธิ์ทอง', '', '', '', 'การผลิตภาพยนตร์การ์ตูนแอนิเมชั่น 3 มิติโดยใช้เทคนิคโพลีกอนความละเอียดต่ำ', '3D Animation Production by low polygon technique', 2, 0, '2551', 4, '1', 0, '', '1674206724_1233842110.pdf', '', '', '', '', 42069, '2023-01-20 09:32:11'),
(1674207155, 'PT51-1', 'นางสาวจิรวดี ภู่ประดิษฐ์', '', '', '', '', '', 'ออกแบบหนังสือเรียนภาษาอังกฤษสำหรับเด็กด้วยเทคนิคป๊อปอัพ', 'Disigning Childern English Learning Book using pop-up technique', 28, 0, '2551', 6, '1', 0, '', '1674207155_152109029.pdf', '', '', '', '', 42069, '2023-01-20 09:34:13'),
(1674207388, 'PT51-2', 'นางสาวปราณี โกษะ', 'นางสาวดวงกมล ค้าขาย', '', '', '', '', 'การผลิตกระดาษจากเหยื่อแห้วทรงกระเทียมไปเชิงหัตถกรรม', 'The paper Production From Spike-rush Handicraft by Method', 74, 0, '2551', 6, '1', 0, '', '1674207388_37660800.pdf', '', '', '', '', 42069, '2023-01-20 09:38:02'),
(1674207489, 'PT53-8', 'นายทีเทพ สุขสำราญ', 'นายพรเทพ มีศิลป์', '', '', '', '', 'อุปกรณ์เสริมต้นแบบควบคุมแรงกดพิมพ์และองศาการปาดสกรีนด้วยมือ', 'Accessorles master printing press control and screen degree control by hand', 67, 0, '2553', 6, '1', 0, '', '1674207489_351353854.pdf', '', '', '', '', 42069, '2023-01-20 09:40:09'),
(1674207654, 'PT55-1', 'นายกาวิน ไชยสง', '', '', '', '', '', 'การออกแบบสื่อประเภทหนังสือ เรื่อง มหัศจรรย์ เมืองพิมาย', 'The wonderland of Phimai Book Design', 62, 0, '2555', 6, '1', 0, '', '1674207654_424982122.pdf', '', '', '', '', 42069, '2023-01-20 09:42:22'),
(1674207750, 'PT55-2', 'นายดลพินิจ ตั๋งเจริญแจ่มแจ้ง', 'นายกมล อึ๋งอัจจิมากูล', '', '', '', '', 'การควบคุมภาพพิมพ์ให้ได้สมดุสีเทาโดยการอ้างอิงจากมารตรฐาน G 7 ', 'Print control quality a gray balance for use standard G7', 27, 0, '2555', 6, '1', 0, '', '1674207750_1808409707.pdf', '', '', '', '', 42069, '2023-01-20 09:44:31'),
(1674207879, 'PT55-3', 'นายชัยวัฒน์ ลิ้มสันฑาวี', '', '', '', '', '', 'การออกแบบหนังสืออิเล็กทรอนิกศ์ (E-book) เรื่อง อุทยานแห่งชาติเขาใหญ่', 'Electronic Book Design for Khao Yai National Park', 62, 3, '2555', 6, '1', 0, '', '1674207879_631433709.pdf', '', '', '', '', 42069, '2023-01-20 09:46:17'),
(1674208324, 'PT53-9', 'นายธีรภัตร ดวงพุฒ', '', '', '', '', '', 'ออกแบบเครื่องหมายการค้าและบรรจุภัณฑ์สำหรับบรรจุขนมคกกี้ของร้าน', 'Design of Trademark and Packaging for Cookies of Brownies & Cake', 75, 25, '2554', 6, '1', 0, '', '1674208324_1014336858.pdf', '', '', '', '', 42069, '2023-01-20 09:53:46'),
(1674208430, 'PT53-10', 'นางสาวจรรยารัตน์ จันทร์เขียว', 'นางสาวชลธิชา ดาเอก', 'นางสาววรัญญา ตากดำรงค์กุล', '', '', '', 'การควบคุมโรคเอนแทรคโนสในกล้วยหอมทองด้วยบรรจุภัณฑ์กระดาษเวียนใช้ใหม่ที่ผสมเยื่อใบขี้เหล็ก', 'Controlling Anthracnose Discase of Banana by Wrapping with Paper Made from Recycled Paper Pulp and Cassia Leaves Pulp', 65, 0, '2553', 6, '1', 0, '', '1674208430_445995517.pdf', '', '', '', '', 42069, '2023-01-20 09:56:18'),
(1674208586, 'PT53-11', 'นางสาวอมรรัตน์ ดิษณเมือง', '', '', '', '', '', 'การออกแบบบรรจุภัณฑ์ผ้าทอพื้นเมือง กลุ่มทอผ้าบ้านเท่าเนียบ ต.ควนพัง อ.ร่อนพิบูลย์ จ.นครศรีธรรมราช', 'Packaging Design for Woven Native Textile Group Bae Tamneab Kuan Phang Sub Distriet Ron Piboon Distriet Nakhon Si Thammarat', 67, 0, '2553', 6, '1', 0, '', '1674208586_1993066669.pdf', '', '', '', '', 42069, '2023-01-20 09:58:54'),
(1674216587, 'PT51-3', 'นายวิทยา อุปการแก้ว', 'นายวรภัทร ฟองจามร', '', '', '', '', 'การศึกษาสถานภาพการรับรู้และความเข้าใจของโรงพิมพ์ที่มีต่อระบบมาตรฐานการพิมพ์ ISO 12647-2', 'The Studies of Knowledge and Understanding of printing houses towards ISO 12647-2 printing standards', 27, 0, '2551', 6, '1', 0, '', '1674216587_1145845147.pdf', '', '', '', '', 42069, '2023-01-20 12:19:06'),
(1674217169, 'PT51-4', 'นางสาววรรณ์วิสาข์ โพธิ์มณี', 'นางสาวกรวิกา จีนขี', '', '', '', '', 'กรณีศึกษาการหาอัตราส่วนการผลิตหมึกพิมพ์สกรีนฐานน้ำโดยใช้สารให้สีประเภทผงสีจากครั่ง', 'Case study of determining proportion of water-based screen printing ink production using lac dye.', 30, 0, '2551', 6, '1', 0, '', '1674217169_264567257.pdf', '', '', '', '', 42069, '2023-01-20 12:23:20'),
(1674217413, 'PT51-5', 'นายศุภนิมิต วัฒนสนธิ', 'นายอรรถพงศ์ ภิรมย์ทอง', '', '', '', '', 'การศึกษาปัญหาการบริหารงานและขั้นตอนการในการปฏิบัติงานของฝ่ายผลิตในธุรกิจโรงพิมพ์ออฟเตขนาดกลางในเขตกรุงเทพมหานคร', 'A study of administration and Problem in Product of Medium Offset Printing House in Bangkok', 27, 0, '2552', 6, '1', 0, '', '1674217413_1946385192.pdf', '', '', '', '', 42069, '2023-01-20 12:25:31'),
(1674217541, 'PT54-1', 'นายวรินทร กิตติตานนท์', 'นายภรศิษฐ์ พัวพิสิฐ', '', '', '', '', 'การศึกษาการผลิตกระดาษเชิงหัตถกรรมจากต้นดาหลา', 'The Study of Handicraft Paper Production from Edingera Elatior', 62, 0, '2554', 6, '1', 0, '', '1674217541_1004226317.pdf', '', '', '', '', 42069, '2023-01-20 12:27:54'),
(1674217682, 'PT54-2', 'นางสาวอุษา พิมพานิตย์', '', '', '', '', '', 'การออกแบบและพัฒนาบรรจุภัณฑ์ประเภทอาหารหมูกระจกแม่เล็ก จังหวัดสระบุรี', '\"The development and design of food packaging for \"\"Moo Ka Jog Mae Leg Saraburi Province\"\"\"', 25, 0, '2554', 6, '1', 0, '', '1674217682_894315624.pdf', '', '', '', '', 42069, '2023-01-20 12:30:48'),
(1674217861, 'PT50-2', 'นางสาวเมธาวดี สิทธิสมบูรณ์', 'นางสาวสุปวีณา ธรรมทรัพย์', '', '', '', '', 'การใส่สารให้สีเขียวจากธรรมชาติในหมึกพิมพ์ยางกล้วยในระบบการพิมพ์สกรีน', 'The study of the chlorophy II filling into banana gum ink for screen printing system', 62, 0, '2551', 6, '1', 0, '', '1674217861_1247525878.pdf', '', '', '', '', 42069, '2023-01-20 12:32:48'),
(1674218006, 'PT50-3', 'นางสาวกัญจน์นิชา ทองพูน', '', '', '', '', '', 'การผลิตกระดาษด้วยเยื่อใบไผ่ตงโดยการขึ้นรูปด้วยเครื่อง', 'The paper production form Sweet Bamboo Pulp with Machine Forming Process', 26, 0, '2550', 6, '1', 0, '', '1674218006_661431633.pdf', '', '', '', '', 42069, '2023-01-20 12:36:11'),
(1674218182, 'PT46-2', 'นางสาวสุจิตตา กาสี', '', '', '', '', '', 'การผลิตหมึกจากเหลือกไม้มาใช้ในการพิมพ์ผ้า (เปลือกมะหาด)', 'Production of bark-made ink for fabric printing(Mahad bark)', 24, 26, '2548', 6, '1', 0, '', '1674218182_312256820.pdf', '', '', '', '', 42069, '2023-01-20 12:43:43'),
(1674218787, 'PT48-2', 'นางสาวทิพย์นภา เนตรสว่าง', '', '', '', '', '', 'การเปรียบเทียบความสัมพันธ์ของการพิมพ์พ่นหมึกโดยใช้หมึกประเภทสารให้สีชนิดผงสีและประเภทสีย้อมบนผ้าไหมชนิดต่างกัน', 'The Comparison of Pigment Ink and Dye-Based Ink on Silk Severral in Inkjet Printing Process', 76, 0, '2548', 6, '1', 0, '', '1674218787_654270475.pdf', '', '', '', '', 42069, '2023-01-20 12:47:21'),
(1674218844, 'PT46-3', 'นายสราวุฒิ อนุกูลรังสรรค์', '', '', '', '', '', 'คุณภาพงานพิมพ์บนกระดาษที่ผลิตจากต้นทานตะวัน', 'The printing quality of paper produced from the sunflower pulp', 26, 0, '2547', 6, '1', 0, '', '1674218844_1041919611.pdf', '', '', '', '', 42069, '2023-01-20 13:00:02'),
(1674220089, 'PT48-3', 'นายวรวุฒิ ทัพภลา', '', '', '', '', '', 'การศึกษาเลือบวาร์นิชฐานน้ำและฐานน้ำมันในกระบวนการงานหลังพิมพ์', 'The study of water-based coating varnish and solvent-based varnish in post-printing process', 0, 0, '2548', 6, '1', 0, '', '1674220089_761208842.pdf', '', '', '', '', 42069, '2023-01-20 13:10:12'),
(1674220215, 'PT54-3', 'นางสาวอภิญญา บุญยืน', '', '', '', '', '', 'อิทธิพลของสีตัวอักษรบนพื้นหลังสีขาวที่มีต่อการมองเห็นป้ายโฆษณากลางแจ้งที่พิมพ์โดยระบบสกรีน', 'Effect of colored charecter on white background n visual acuity for billboard advertising printed by screen printing', 24, 0, '2554', 6, '1', 0, '', '1674220215_370439501.pdf', '', '', '', '', 42069, '2023-01-20 13:18:30'),
(1674221204, 'PT54-4', 'นายนาวิน แสงสถิตธรรม', '', '', '', '', '', 'การออกแบบและจัดทำหนังสือสำหรับเด็ก เรื่อง คุณหนูขนมไทย', 'Design and Preparation of books for children titled Kids Thai Food', 62, 0, '2554', 6, '1', 0, '', '1674221204_1882493929.pdf', '', '', '', '', 42069, '2023-01-20 13:28:13'),
(1674221301, 'PT55-7', 'นายอาทิตย์ อึ้งเวชยันต์', '', '', '', '', '', 'ความพึงพอใจต่อกระดาษสีจากธรรมชาติ', 'Satisfaction towards natural colored paper', 62, 65, '2557', 6, '1', 0, '', '1674221301_546206116.pdf', '', '', '', '', 42069, '2023-01-20 13:29:53'),
(1674221435, 'PT55-4', 'นายศรชัย หลักชัย', 'นายสุทัด ประเสริฐ', '', '', '', '', 'การศึกษาความหนาของกระดาษมีผลต่อคุณภาพงานพิมพ์ในระบบการพิมพ์ออฟเซตป้อนม้วน', 'Thickness of paper effected to print quality in web offset printing press', 25, 0, '2555', 6, '1', 0, '', '1674221435_351575009.pdf', '', '', '', '', 42069, '2023-01-20 13:34:39'),
(1674221700, 'PT46-4', 'นายณัฐพล คำลาพิช', '', '', '', '', '', 'การผลิตแม่พิมพ์สกรีนจากกาวลาเท็กซ์', 'The screen printing plate production from latex gule', 26, 0, '2547', 6, '1', 0, '', '1674221700_1357574830.pdf', '', '', '', '', 42069, '2023-01-20 13:37:02'),
(1674543869, 'PT47-4', 'นางสาวรัตนา ศิริเชิดชูโต', '', '', '', '', '', 'การออกแบบฉลากแชมพูสระผมและครีมนวดผมสมุนไพรธรรมชาติของกลุ่มอาชีพสตรีคลองหก จังหวัดปทุมธานี', 'Design of natural herbs shampoo and conditionr label of khong Hok working career group at Patumthani province', 62, 0, '2547', 6, '1', 0, '', '1674543869_73500923.pdf', '', '', '', '', 42069, '2023-01-24 07:26:13'),
(1674546122, 'PT47-5', 'นางสาวอาภากร ตันติธรรมภูษิต', '', '', '', '', '', 'เวลาการฉายแสงหลักและฉายแสงหลักที่มีผลต่อคุณภาพแม่พิมพ์เฟล็กโซกราฟี', 'Effect of Back-exposure time and Maia-exposure time on the Quality of Flexography plate', 25, 0, '2547', 6, '1', 0, '', '1674546122_1031172952.pdf', '', '', '', '', 42069, '2023-01-24 07:44:01'),
(1674546249, 'PT55-5', 'นางสาวเทธปิยา โพธิจาด', '', '', '', '', '', 'การออกแบบการ์ดแต่งงานให้สามารถใช้ประโยชน์ได้', 'Wedding invitation card design', 62, 0, '2555', 6, '1', 0, '', '1674546249_1381352319.pdf', '', '', '', '', 42069, '2023-01-24 07:45:10'),
(1674546318, 'PT55-6', 'นางสาวปาณิสรา เลขมาศ', '', '', '', '', '', '\"การออกแบบบรรจุภัณฑ์สำหรับ \"\"ขนมลา\"\" กลุ่มอาชีพแม่บ้านบ้านศรีสมบูรณ์หอยราก อ.ปากพนัง จ.นครศรีธรรมราช\"', '\"Packaging Design for \"\"Lar\"\" by Siromboon (Hoiraag Pakpanang District Naknsrithammarat))\"', 62, 0, '2555', 6, '1', 0, '', '1674546318_50296459.pdf', '', '', '', '', 42069, '2023-01-24 07:48:17'),
(1674546602, 'PT49-2', 'นางสาวชโลทร ปาลี', '', '', '', '', '', 'สื่อประกอบการศึกษาในรูปแบบมัลติมีเดียเรื่อง โปรแกรม Adobe InDesign ', 'Computer Instruction Media of Program Adobe InDesign', 62, 67, '2549', 6, '1', 0, '', '1674546602_401612723.pdf', '', '', '', '', 42069, '2023-01-24 07:54:24'),
(1674546869, 'PT54-5', 'นางสาวสังวาล ลาวะกุล', '', '', '', '', '', 'การออกแบบกราฟิกและตราสัญลักษณ์บรบรรจุภัณฑ์ข้าวแตนน้ำแตงโม ร้านธัญญ์นรี ตลาดน้ำอโยธยา', 'The graphic design and logo of the packaging Khawtan watermelon for Tanyanaree\'s shop at Ayotthaya floating market', 25, 0, '2554', 6, '1', 0, '', '1674546869_1101101962.pdf', '', '', '', '', 42069, '2023-01-24 08:14:56'),
(1675054089, 'PT54', 'นายอิศเรศ มะเล็ก', '', '', '', '', '', 'การศึกษาความพึงพอใจของการเลือกใช้สีตัวอักษรและสีพื้นหลังในการอ่าน', 'The study of satisfa ction of type and background color for readability', 27, 0, '2554', 6, '1', 0, '', '1675054089_561628685.pdf', '', '', '', '', 42069, '2023-01-30 05:00:48'),
(1675055081, 'PT52', 'นายสาวกรทอง แจ่มศรี', '', '', '', '', '', 'หมึกพิมพ์สกรีนฐานน้ำโดยใช้ยางกล้วยเป็นสารยึดติดโดยสารให้สีได้จากธรรมชาติและนำมาสกรีนเพื่อเปรียบเทียบสารคยึดติดกับยางก้านบัว', 'The study on the Comparison about the Adhesive of the Water-based Screen Ink between the Use of Banana Gum and of Lotus Stalk Gum', 62, 0, '2552', 6, '1', 0, '', '1675055081_592943272.pdf', '', '', '', '', 42069, '2023-01-30 05:11:54'),
(1675055567, 'PT57', 'นางสาวขนิษฐา เนกขัม', '', '', '', '', '', 'การออกแบบเว็บไซต์ เรื่อง การออกแบบบรรจุภัณฑ์', 'Website design for title packaging design', 62, 0, '2557', 6, '1', 0, '', '1675055567_742103935.pdf', '', '', '', '', 42069, '2023-01-30 05:14:08'),
(1675055653, 'PT52-1675055653', 'นางสาวรุ่งทิพย์ ฉิมยาม', 'นางสาวเกศสุดา ทรงลักษณ์', '', '', '', '', 'การผลิตกระดาษจากเยื่อข่าเพื่อควบคุมโรคแอนแทรคโนสในผลมะม่วง', 'Production of paper from galangal for conrolling anthracnose of mango', 65, 0, '2552', 6, '1', 0, '', '1675055653_394568666.pdf', '', '', '', '', 42069, '2023-01-30 05:16:33'),
(1675056071, 'PT50', 'นางสาวพรพิมล อินทรพุก', '', '', '', '', '', 'การออกแบบบรรจุภัณฑ์สำหรับขนมทองม้วน', 'Packaging Design For Rolled Wafer', 27, 0, '2550', 6, '1', 0, '', '1675056071_1003477960.pdf', '', '', '', '', 42069, '2023-01-30 05:23:23'),
(1675056212, 'PT50-1675056212', 'นายอนุพงศ์ เพชรนุ้ย', '', '', '', '', '', 'รูปแบบการเขียนและพิมพ์วิทยานิพนธ์ระดับปริญญาบัณฑิตกรณีศึกษา คณะเทคโนโลยีสื่อสารมวลชน', 'The patern of writing and printing a thesis for bachelor degree graduates: Case stydy Faculty of Mass Communication Techonology', 62, 27, '2550', 6, '1', 0, '', '1675056212_1066946660.pdf', '', '', '', '', 42069, '2023-01-30 05:30:39'),
(1675056648, 'PT50-1675056648', 'นางสาวรัชนีบูลย์ ลิ้มปัญญาเลิศ', '', '', '', '', '', 'การผลิตส่อมัลตมีเดียประกอบการศึกษาในรูปแบบซีดีรอม เรื่อง ระบบพิมพ์ดิจิตอลเบื้องต้น', 'The productive Computer Assisted Instruction Multimedia on CD-ROM of the basic for digital printing', 27, 0, '2550', 6, '1', 0, '', '1675056648_609321503.pdf', '', '', '', '', 42069, '2023-01-30 05:35:17'),
(1675056962, 'PT53', 'นายกิตติพงศ์ ทองอร่าม', 'นางสาวสุชาดา เปรมแปลก', 'นางสาวอัญญารัตน์ ทองโพธิ์', '', '', '', 'การผลิตสารเคลือบผิวสำหรับกระดาษจากชลเล็ก', 'Production of Surface Coating for Paper from Shellac', 65, 0, '2553', 6, '1', 0, '', '1675056962_1821253719.pdf', '', '', '', '', 42069, '2023-01-30 05:38:27'),
(1675057117, 'PT53-1675057117', 'นางสาวรัฐญา ผาสุขใจ', '', '', '', '', '', 'การออกแบบบรรจุภัณฑ์สำหรับเทียมแกะสลักจำลอง', 'Packaging Design canfle carving mohel', 25, 72, '2553', 6, '1', 0, '', '1675057117_1470123667.pdf', '', '', '', '', 42069, '2023-01-30 05:40:21'),
(1675057233, 'PT54-1675057233', 'นายปรัชญา ปัททุมมี', 'นางสาวณัฐกาญจน์ ธงศิลา', '', '', '', '', 'การออกแบบและจัดทำหนังสือนิทานสำหรับเด็กด้วยเทคนิค Die-cut เรื่อง \"เงาปริศนา\"', 'Design and preparation of books for children with Die-cut. The \"Shadow Puzzle\"', 27, 0, '2554', 6, '1', 0, '', '1675057233_1921359287.pdf', '', '', '', '', 42069, '2023-01-30 05:42:33'),
(1675057362, 'PT52-1675057362', 'นางสาวสิริพร มหาอุ่ม', 'นางสาวแสงตะวัน คำจันทร์', '', '', '', '', 'การค้นหาคำศัพท์ทางการพิมพ์ผ่านสื่อออนไลน์', 'Searching Printing Technical Term via Online Media', 25, 0, '2552', 6, '1', 0, '', '1675057362_589040402.pdf', '', '', '', '', 42069, '2023-01-30 05:46:06'),
(1675058664, 'PT46', 'นายกษิดิศ แก้วมั่น', '', '', '', '', '', 'การเปรียบเทียบงานพิมพ์ที่ได้จากระบบคอมพิวเตอร์สู่แม่พิมพ์และระบบคอมพิวเตอร์สู่ฟิล์มในระบบการพิมพ์เฟล็กโซกราฟี', 'Comparison of Computer To Plate ad Computer To Film in Flexography Printing', 79, 0, '2546', 6, '1', 0, '', '1675058664_1485822487.pdf', '', '', '', '', 42069, '2023-01-30 06:05:15'),
(1675061012, 'PT46-1675061012', 'นายอนันธนา พึ่งบุญลือ', '', '', '', '', '', 'กรณีศึกษาการนำน้ำบาดาลมาใช้ในระบบการพิมพ์ออฟเซต', 'The Study of usability of artesian water into the offset printing', 24, 0, '2547', 6, '1', 0, '', '1675061012_293327883.pdf', '', '', '', '', 42069, '2023-01-30 06:47:24'),
(1675061311, 'PT46-1675061311', 'นายสานุพงศ์ เสือสมิง', '', '', '', '', '', 'การศึกษาสารเคลือบวาร์นิชฐานน้ำและสารเคลือบวาร์นิชฐานน้ำมันสำหรับบรรจุภัณฑ์อาหาร', 'The study about water-base amd oil-base varnish for food package', 80, 0, '2546', 6, '1', 0, '', '1675061311_1393317487.pdf', '', '', '', '', 42069, '2023-01-30 06:49:44'),
(1675147082, 'PT46-1675147082', 'นางสาวปรัศนีย์ นันตาแก้ว', '', '', '', '', '', 'การสำรวจสถานภาพของอุตสาหกรรมเซรามิกจังหวัดลำปาง', 'The research of ceramic industry situation in Lumpang', 27, 0, '2547', 6, '1', 0, '', '1675147082_866025996.pdf', '', '', '', '', 42069, '2023-01-31 07:03:03'),
(1675148614, 'PT50-1675148614', 'นางสาวสุพรรษา พันธุมวานิช', 'นายทศพล ราชบุญศึก', 'นายเกื้อกูล เอี่ยมชูแสง', '', '', '', 'การผลิตเครื่องตากชิ้นพิมพ์สกรีนแบบลมเป่า', 'Drayer Machine for Screen Printing', 62, 0, '2550', 6, '1', 0, '', '1675148614_1327911874.pdf', '', '', '', '', 42069, '2023-01-31 07:05:07'),
(1675148718, 'PT46-1675148718', 'นายกษิดิศ แก้วมั่น', '', '', '', '', '', 'การเปรียบเทียบงานพิมพ์ที่ได้จากระบบคอมพิวเตอร์สู่แม่พิมพ์และระบบคอมพิวเตอร์สู่ฟิล์มในระบบการพิมพ์เฟล็กโซกราฟี', 'Comparison of Computer To Plate and Computer To Film in Flexography Printing', 79, 0, '2547', 6, '1', 0, '', '1675148718_1233576661.pdf', '', '', '', '', 42069, '2023-01-31 07:08:44'),
(1675149457, 'PT50-1675149457', 'นายธีรพงศ์ อยู่บุญ', '', '', '', '', '', 'การออกแบบปฏิทินตั้งโต๊ะชุด \"ดอกบัวในรั้วราชมงคล\"', 'The Design of Desktop Calendar of \"Lotus in Rajamangala\" Collection', 81, 0, '2550', 6, '1', 0, '', '1675149457_687243718.pdf', '', '', '', '', 42069, '2023-01-31 07:19:24'),
(1675149595, 'PT50-1675149595', 'นางสาวอาทิตญา เนาวรัตน์', '', '', '', '', '', 'การออกแบบลวดลายลงบนแก้วให้กับองค์การบริหารส่วนตำบลโก่งธนู', 'Designing Pattern for the Glasses of the local Administration organization of Kongthanoo', 27, 0, '2550', 6, '1', 0, '', '1675149595_1307670578.pdf', '', '', '', '', 42069, '2023-01-31 07:21:35'),
(1675149708, 'PT59', 'วุฒิธิสิทธิ์ แสงรูจีย์', '', '', '', '', '', 'การศึกษาคุณภาพงานพิมพ์เดินรอยร้อนบนวัสดุประเภทต่าง ๆ ', 'The Study f Printed Qualities by Hot Stamping on the Different Substrates', 28, 0, '2559', 6, '1', 0, '', '1675149708_1697630625.pdf', '', '', '', '', 42069, '2023-01-31 07:26:35');
INSERT INTO `mctarchive` (`system_id`, `id`, `std1`, `std2`, `std3`, `std4`, `std5`, `std6`, `thainame`, `engname`, `teacher`, `co_teacher`, `sec`, `branch`, `type_doc`, `website`, `video`, `pdf`, `fileZip`, `audio`, `yt_link`, `site_url`, `add_by`, `add_date`) VALUES
(1675150004, 'PT54-1675150004', 'นางสาวณัฐพร สุนทรีรัตน์', '', '', '', '', '', 'สื่อการเรียนการสอนเรื่องการพิมพ์ระบบดิจิทัล', 'The Productive Computer Assisted Instructional Multimedia of Digital Printing', 27, 0, '2554', 6, '1', 0, '', '1675150004_381803903.pdf', '', '', '', '', 42069, '2023-01-31 07:28:02'),
(1675150235, 'PT54-1675150235', 'นายจักรพันธุ์ ยันไธสง', 'นายสุรวัฒน์ ใจจง', '', '', '', '', 'การเปรียบเทียบขอบเขตสีที่ได้จากระบบสกรีนที่ต่างกัน', 'The Compatison Of Color Gamut From The Different Screening Character', 25, 0, '2554', 6, '1', 0, '', '1675150235_1182231682.pdf', '', '', '', '', 42069, '2023-01-31 07:32:34'),
(1675153746, 'PT54-1675153746', 'นางสาวสุนิสาส ฤดีสายเจริญสุข', 'นายธนณะชัย หนันแก้ว', '', '', '', '', 'การศึกษาความพึงพอใจของการเลือกใช้ฟอนต์แห่งชาติ กับข้อความเนื้อเรื่องในหนังสือเรียนระดับปริญญาตรี', 'Study of satisfaction to selection Thai National Font of content in school book of Beachelor\'s degree', 27, 0, '2554', 6, '1', 0, '', '1675153746_1330224627.pdf', '', '', '', '', 42069, '2023-01-31 08:38:18'),
(1675154308, 'PT54-1675154308', 'นางสาวบังอร บูชา', 'นางสาวสุจิตตา ตันจินซุย', 'นางสาวอังคณา รีอุมา', '', '', '', 'ศึกษาความพึงพอใจการใช้สื่อสิ่งพิมพ์ในการรับรู้ข่าวสารของนักศึกษามหาวิทยาลัยเทคโนโลยีราลมงคลธัญบุรี', 'The study of satisfaction in the publish media using for the acknowledge of the student in Rajamngala University of Technology', 27, 0, '2554', 6, '1', 0, '', '1675154308_1184109239.pdf', '', '', '', '', 42069, '2023-01-31 08:41:46'),
(1675665655, 'AP52', 'นายภาณุภัค ธรรมคงคา', 'นายภากร ลี้ประเสริฐ', 'นางสาวจนิษฐา ถิ่นนาไห', 'นางสาวจุฑาภรณ์ ศิริรัตน์', '', '', 'การผลิตภาพยนตร์โฆษณารณรงค์การออกกำลังกาย โดยใช้เทคนิคการตัดต่อแบบโรโตสโคป', 'THE PRODUCTION OF ADVERTISING FLIM TO THE EXERCISE CAMPAIGN USING EDITING TECHNIQUE OF ROTOSCOPE', 44, 0, '2552', 5, '1', 0, '', '1675665655_36977485.pdf', '', '', '', '', 42069, '2023-02-06 07:15:07'),
(1675668579, 'AP52-1675668579', 'นางสาวอาริดา บุญญานันท์', 'นางสาวจุลมณี นุชถนอม', 'นางสาวชมพูนุท ศรีสมพงษ์', 'นางสาวนวลจันทร์ เสนีวงศ์ ณ อยุธยา', '', '', 'การผลิตสื่อสิ่งพิมพ์เฉพาะกิจในรูปแบบโปสเตอร์ เพื่อการรณรงค์ลดการใช้ ความรุนแรงในสตรี', 'Production of Specialize Publications in Poster format for campaign to reduce violence in women', 82, 0, '2552', 5, '1', 0, '', '1675668579_657972847.pdf', '', '', '', '', 42069, '2023-02-06 07:33:37'),
(1675668887, 'AP52-1675668887', 'นางสาวมุทิตา น้ำวล', 'นางสาวปวรวรรณ อยู่สมบูรณ์', 'นางสาวนงลักษณ์ ชื่นใจ', '', '', '', 'ผลิตภาพยนตร์โฆษณาแอนิเมชั่น 2 มิติ เพื่อรณรงค์การใช้ภาษาไทย', 'Two-dimensional animation production of adverting campaigns using Thai language', 44, 2, '2552', 5, '1', 0, '', '1675668887_1220360964.pdf', '', '', '', '', 42069, '2023-02-06 07:39:08'),
(1675669762, 'AP52-1675669762', 'นาย คันศร บุญบรรเทิงวัฒน์', 'นาย ธนายุทธ จัดนอก', '', '', '', '', 'ผลิตสื่อภาพยนตร์โฆษณารณรงค์งดสูบบุหรี่โดยใช้เทคนิคภาพช้า (Slow motion)', 'THE PRODUCTION OF ADVERTISING FOR NOSMOKING CAMPAIGN BY SLOW MOTION TECHNICAL', 44, 83, '2552', 5, '1', 0, '', '1675669762_1704723841.pdf', '', '', '', '', 42069, '2023-02-06 07:51:29'),
(1675670021, 'AP52-1675670021', 'นางสาวสุกานดา เมืองขำ', 'นางสาวนริสรา วิไลโรจน์', 'นายปราโมทย์ แก้วแจ้ง', '', '', '', 'กระบวนการดำเนินงานประชาสัมพันธ์เพื่อสร้างภาพลักษณ์ ของบริษัท ผลิตไฟฟ้า จำกัด (มหาชน)', 'Public relation strategy for the image of the Electricity Generating Public Company Limited or EGCO', 84, 0, '2552', 5, '1', 0, '', '1675670021_227310637.pdf', '', '', '', '', 42069, '2023-02-06 07:55:26'),
(1675670199, 'AP52-1675670199', 'นางสาวนารีรัตน์ บุญภักดี', 'นางสาวเชิญขวัญ เย็นทูล', 'นางสาวจรูญรัตน์ อินทะ', '', '', '', 'การเปิดรับสื่อเพื่อการโฆษณาประชาสัมพันธ์ ของนักศึกษาคณะเทคโนโลยี สื่อสารมวลชนมหาวิทยาลัยเทคโนโลยีราชมงคลธัญบุรี : กรณีศึกษา SCG ชุด “ขอบคุณน้ำ”', 'Advertising Public Relation Media Exposure for Faculty, Mass Communication Technology, Rajamangala University of Technology Thanyaburi: A case study of SCG \"water thanks\"', 82, 0, '2552', 5, '1', 0, '', '1675670199_1792610387.pdf', '', '', '', '', 42069, '2023-02-06 07:58:26'),
(1675670309, 'AP53', 'นายตะวัน กลิ่นโกสุม', 'นายศุภกฤต เสมาพรหม', 'นายวิทูร ศิรประภาพงศ์', '', '', '', 'การเปิดรับสื่อประชาสัมพันธ์ภายในกระทรวงทรัพยากรธรรมชาติ และสิ่งแวดล้อมของบุคลากร', '(Behavior of the media public relations for personnel in ministry of Natural Resources and Environment)', 84, 0, '2553', 5, '1', 0, '', '1675670309_89845581.pdf', '', '', '', '', 42069, '2023-02-06 08:03:23'),
(1675670663, 'AP53-1675670663', 'นางสาวอุษณีย์ รัตนวิจิตร', 'นางสาวธนารัตน์ ปิงเมือง', 'นางสาวนงลักษณ์ ถ้อยทัด', '', '', '', 'การผลิตสื่อแอนิเมชั่น 2 มิติเพื่อการประชาสัมพันธ์รณรงค์อนุรักษ์น้ำ', 'Creation of 2D Animation for Public Relations Campaigning Water Conservation.', 84, 0, '2553', 5, '1', 0, '', '1675670663_673478472.pdf', '', '', '', '', 42069, '2023-02-06 08:08:22'),
(1675671096, 'AP53-1675671096', 'นายกิตติพัฒน์ ไสยวิริยะ', 'นายศักรัช บรรณาทอง', 'นายวิทยา หอมกลิ่น', '', '', '', 'การผลิตสื่อโฆษณาทางวิทยุกระจายเสียงเพื่อการรณรงค์ลดการดื่ม เครื่องดื่มแอลกอฮอล์', '(The Production of Spot radio campaign for stop drink Alcohol)', 85, 0, '2553', 5, '1', 0, '', '1675671096_1523229066.pdf', '', '', '', '', 42069, '2023-02-06 08:16:38'),
(1675671542, 'AP53-1675671542', 'นางสาววรินญา ธรรมสโรช', 'นางสาวเพ็ญพิสุทธิ์ สีประสมสอง', 'นายจักรรัตน์ ศิวการุณย์', '', '', '', 'การผลิตสื่อประชาสัมพันธ์บนเว็บไซต์ของมหาวิทยาลัยเทคโนโลยีราชมงคลธัญบุรี โดยใช้เทคนิคการทำภาพพาโนรามา 360 องศา', 'The production of Rajamangala University of Technology Website by using 360 Degree Panorama Technique', 69, 0, '2553', 5, '1', 0, '', '1675671542_2097382903.pdf', '', '', '', '', 42069, '2023-02-06 08:22:04'),
(1675671900, 'AP53-1675671900', 'นางสาวกัญญาพร มีสันเทียะ', 'นางสาวจิราพร จิระเดชะ', 'นาวสาวสุชาดา สิงห์บุบผา', '', '', '', 'การวิเคราะห์รูปแบบโฆษณาแฝงในรายการโทรทัศน์ประเภทซิทคอม', 'The Analyzing of Product Placement in Television Situation Comedy', 85, 0, '2553', 5, '1', 0, '', '1675671900_1865587764.pdf', '', '', '', '', 42069, '2023-02-06 08:29:06'),
(1675672411, 'AP53-1675672411', 'นางสาวกัณฑริกา ขอบใจ', 'นางสาวพิจิตรา จิตจำนงค์', 'นางสาวรจนา จอมคำ', '', '', '', 'ศึกษากระบวนการดำเนินงานการสื่อสารการตลาดบัตรเดบิต GTH is me By KBank', 'Implementing marketing communication process of KBANK debit card', 69, 0, '2553', 5, '1', 0, '', '1675672411_1393208305.pdf', '', '', '', '', 42069, '2023-02-06 08:36:40'),
(1675672716, 'AP53-1675672716', 'นางสาวรัชนินทร์ จินดาเจี่ย', 'นางสาวนิชนันท์ เอี่ยมศรีมานนท์', 'นางสาวกาญจนา', '', '', '', 'ศึกษาปัจจัยการคัดเลือกผลิตภัณฑ์ประเภทเครื่องสำอางเพื่อการลงโฆษณาใน นิตยสารวัยรุ่นหญิง: กรณีศึกษานิตยสาร Seventeen Thailand', 'Selection factors of cosmetic products for advertised in the female adolescents magazine: Case study; Seventeen Thailand Magazine', 69, 0, '2553', 5, '1', 0, '', '1675672716_555011386.pdf', '', '', '', '', 42069, '2023-02-06 08:40:51'),
(1675672969, 'AP53-1675672969', 'นางสาวทัศนีย์ บุญสวัสดิ์', 'นางสาวภาวสุทธิ์ สุวัฒนพิเศษ', 'นางสาววันวิสาข์ ตรีวรพันธุ์', '', '', '', 'อิทธิพลของสื่อโฆษณาประชาสัมพันธ์ที่มีผลต่อการรับรู้ข้อมูล ข่าวสารในการตัดสินใจทำศัลยกรรมเสริมความงามของ นักศึกษามหาวิทยาลัยเทคโนโลยีราชมงคลธัญบุรี', 'Influence of advertising and public relations that affect perceptions of information to make cosmetic surgery of the Rajamanggala University of Technology Thanyaburi.', 85, 0, '2553', 5, '1', 0, '', '1675672969_164562236.pdf', '', '', '', '', 42069, '2023-02-06 08:44:47'),
(1675673150, 'AP55', 'น.ส.ธิชา พิสุทธิพงษ์', 'น.ส.ศรวรรณ สูงสิริยศ', 'น.ส.กฤษติญา การะนัด', '', '', '', 'การรับรู้ตราสินค้าและความพึงพอใจของนักศึกษามหาวิทยาลัยเทคโนโลยีราชมงคล ธัญบุรี ที่มีต่อผลิตภัณฑ์กาแฟลดน้ำหนักเนเจอร์กิฟ', 'Brand Awareness of Customer Satisfaction Towards Naturegift diet coffee: A Study of Rajamangala University of Technology Thanyaburi Student', 69, 0, '2555', 5, '1', 0, '', '1675673150_1225093996.pdf', '', '', '', '', 42069, '2023-02-06 08:48:10'),
(1675673397, 'AP55-1675673397', 'นางสาวลลิตา นิลประไพ', 'นางสาววิภาวี พงษ์พิทักษ์วิเศษ', 'นายเฉลิมพล ธีระญาณจาโร', '', '', '', 'การศึกษากระบวนการดำเนินงานธุรกิจอย่างรับผิดชอบต่อสังคม (Corporate social responsibility ; CSR) ขององค์กรธุรกิจภาคเอกชน กรณีศึกษา : บริษัท ไทยประกันชีวิต จำกัด (มหาชน)', 'Corporate social responsibility process: Case study on Thai life insurance Co.Ltd.', 45, 0, '2555', 5, '1', 0, '', '1675673397_1725560673.pdf', '', '', '', '', 42069, '2023-02-06 08:52:37'),
(1675673628, 'AP55-1675673628', 'นางสาวสาริณี พรหมสมบูรณ์', 'นางสาวจิราวรรณ พระเพชร', 'นางสาวผณินทร นันทกาวงศ์', 'นางสาวปรียาพร สิ่วกำปัง', '', '', 'การศึกษากระบวนการประชาสัมพันธ์กิจกรรม “ศบร.พลังงาน ออนทัวร์ ครั้งที่ 1”', 'A Study of the \"ESC on Tour\'1\" Public Relations Process', 46, 0, '2555', 5, '1', 0, '', '1675673628_519521155.pdf', '', '', '', '', 42069, '2023-02-06 08:59:46'),
(1675674093, 'AP55-1675674093', 'นางสาว เพียรเพ็ญ ศรีเฟื่อง', '', '', '', '', '', 'การศีกษาปัจจัยที่มีผลต่อการตัดสินใจเลือกรับชมซีรีส์เกาหลีของนักศีกษา มหาวิทยาลัยเทคโนโลยีราชมงคลธัญบุรี', 'Factors Affecting Rajamangala University of Technology Thanyaburi students on watching Korean Drama series', 69, 0, '2555', 5, '1', 0, '', '1675674093_296901382.pdf', '', '', '', '', 42069, '2023-02-06 09:03:22'),
(1675674346, 'AP55-1675674346', 'พชรมน บุญจันทร์', '', '', '', '', '', 'การศึกษาปัจจัยที่มีผลต่อการเลือกรับชมภาพยนตร์ของนักศึกษา มหาวิทยาลัยเทคโนโลยีราชมงคลธัญบุรี', 'FACTORS AFFECTING MOVIE VIEWING SELECTION OF RAJAMANGALA UNIVERSITY OF TECHNOLOGY THANYABURI STUDENTS', 69, 0, '2555', 5, '1', 0, '', '1675674346_769446344.pdf', '', '', '', '', 42069, '2023-02-06 09:07:20'),
(1675674484, 'AP55-1675674484', 'นางสาวจุฑามาศ ศิริพรประสิทธิ์', 'นางสาวนฤมล สินธุ', 'นางสาวประภัสสร เนตรพัฒน์', '', '', '', 'การเปิดรับสื่อและปัจจัยที่มีผลต่อการเข้ารับบริการเสริมความงาม ของวุฒิศักดิ์คลินิก', 'The media acceptance and the factors which have an effect to the decision of getting beauty service from Wuttisak Beauty Clinic.', 46, 0, '2555', 5, '1', 0, '', '1675674484_621869729.pdf', '', '', '', '', 42069, '2023-02-06 09:12:02'),
(1675674813, 'AP57', 'นางสาวศุภรัตน์ สมบูรณ์จันทร์', 'นางสาวนฤมล พูลศิริ', 'นางสาวนันทวรรณ ประเสริฐสุขศิลป์', 'นางสาวสิราวรรณ จอดพิมาย', '', '', 'การผลิตโฆษณาแฝงในมิวสิควิดีโอ กรณีศึกษา: ผลิตภัณฑ์กล้อง Nikon', 'The Production of Product Tie-in in Music Video. Case Study: DSLR Camera product \'Nikon\'', 43, 0, '2557', 5, '1', 0, '', '1675674813_1524774305.pdf', '', '', '', '', 42069, '2023-02-06 09:17:56'),
(1675675123, 'AP57-1675675123', 'นายปรีดา พุ่มอุไร', 'นางสาวศศิธร สนั่นเอื้อ', 'นางสาววีราภรณ์ ชมเชย', 'นางสาวไอรดา ทับบัณฑิต', '', '', 'การผลิตสื่อภาพยนตร์โฆษณาเพื่อประชาสัมพันธ์ชมรมพุทธศาสตร์มหาวิทยาลัยเทคโนโลยีราช มงคลธัญบุรี โดยการใช้เทคนิค การย้อนกลับ และ การย้อมสีภาพ', 'Media public relations for Buddhist club Rajamangala University of Technology Thanyaburi by Reverse speed and Color grading techniques', 48, 0, '2557', 5, '1', 0, '', '1675675123_830669702.pdf', '', '', '', '', 42069, '2023-02-06 09:22:07'),
(1675926956, 'PT54-1675926956', 'นางสาวมินตรา ชาติสุทธิ', 'นางสาวพนิตา อนุวรรณ', '', '', '', '', 'การเปลี่ยนแปลงสีของภาิมพ์ในกระบวนการผลิตบัตรพลาสติก', 'Colour difference on print image in plastic card production', 25, 0, '2554', 6, '1', 0, '', '1675926956_1184119873.pdf', '', '', '', '', 42069, '2023-02-09 07:17:31'),
(1675927145, 'PT46-1675927145', 'นางทรงเศรษฐ์ งามเสงี่ยม', '', '', '', '', '', 'การผลิตกระดาษสาจากเศษกระดาษสาผสมกับเศษกระดาษปอนต์', 'The production of mulberry paper from mulberry paper and pound paper scrapes', 26, 0, '2546', 6, '1', 0, '', '1675927145_2050066016.pdf', '', '', '', '', 42069, '2023-02-09 07:20:51'),
(1675927262, 'PT46-1675927262', 'นายธนกร อภิวัฒน์รุ่งโรจน์', '', '', '', '', '', 'ความหนืดของหมึกพิมพ์สกรีนที่มีผลต่อสิ่งพิมพ์', 'A viscosity of ink suitable for products produced', 26, 0, '2547', 6, '1', 0, '', '1675927262_231789925.pdf', '', '', '', '', 42069, '2023-02-09 07:22:19'),
(1675927347, 'PT47', 'นางสาวสิรินนาฏ ศรีประสาธน์', '', '', '', '', '', 'ศึกษาคุณภาพงานพิมพ์สกรีนบนกระดาษจากเหยื่อสับปะรด', 'Studying the quality of appropriate printing screen work on pineapple paper pulp', 26, 0, '2547', 6, '1', 0, '', '1675927347_1721001788.pdf', '', '', '', '', 42069, '2023-02-09 07:24:09'),
(1675927458, 'PT55', 'นายกฤต ญาติสวัสดิ์กุล', '', '', '', '', '', 'การออกแบบโปสเตอร์รณรงค์เพื่อการไม่สูบบุหรี่ภายใต้แนวคิดผลกระทบต่อคนรอบข้าง', 'Posters design campaign of the non-smoking Under the effect on people around you', 62, 0, '2555', 6, '1', 0, '', '1675927458_1342998328.pdf', '', '', '', '', 42069, '2023-02-09 07:26:04'),
(1675927766, 'PT48', 'นายนิธิรัตน์ แก้ววานิช', '', '', '', '', '', 'การศึกษาระบปฏิบัติการลีนุกซ์', 'The study of Linux Operating Systems', 25, 0, '2549', 6, '1', 0, '', '1675927766_312722360.pdf', '', '', '', '', 42069, '2023-02-09 07:30:44'),
(1675927853, 'PT46-1675927853', 'นายประวิทย์ สุธาเกียรติสกุล', '', '', '', '', '', 'การออกแบบบรรจุภัณฑ์สำหรับขนมชั้นดอกกุหลาบ', 'The package design for roseate stacked sweetmeats', 62, 0, '2546', 6, '1', 0, '', '1675927853_2075440219.pdf', '', '', '', '', 42069, '2023-02-09 07:32:37'),
(1675928270, 'PT48-1675928270', 'นายวัฒนชัย จิตรประทักษ์', '', '', '', '', '', 'กระบวนการพิมพ์แบบถ่ายโนด้วยความร้อนลงสู่ผ้า', 'Procession printing on transfer the heat into fabric', 62, 0, '2548', 6, '1', 0, '', '1675928270_581049081.pdf', '', '', '', '', 42069, '2023-02-09 07:39:28'),
(1675928713, 'PT54-1675928713', 'นายวุฑฒินันท์ ธนันท์ทวีจรัส', '', '', '', '', '', 'การเปรียบเทียบคุณภาพของงานพิมพ์ภาพถ่ายภายใต้จากการบันทึกที่ต่างกันด้วยระบบการพิมพ์ไม่สัมผัส', 'The Comparison of Quality Printing in Different Condition of Printing Non-impact System', 30, 0, '2554', 6, '1', 0, '', '1675928713_813322822.pdf', '', '', '', '', 42069, '2023-02-09 07:48:14'),
(1675928923, 'PT54-1675928923', 'นางสาวดารณีย์ กิจเฮง', 'นายสาวภาวิณี รอดศิริ', '', '', '', '', 'การออกและจัดทำภาพประกอบของหนังสือ \"การออกแบบสิ่งพิมพ์\"', 'Design and create an illustration of the publication design book', 62, 0, '2554', 6, '1', 0, '', '1675928923_1486263043.pdf', '', '', '', '', 42069, '2023-02-09 07:51:57'),
(1675929240, 'PT56', 'นายธนากรณ์ แสงพิรุณ', '', '', '', '', '', 'การออกแบบหนังสือป๊อปอัพ เรื่องพุทธประวัติ สำหรับเด็กอายุ 6-12 ปี', 'The pop-up book design of Biography of Lord Buddha for children 6-12 years old', 62, 0, '2556', 6, '1', 0, '', '1675929240_1506215796.pdf', '', '', '', '', 42069, '2023-02-09 08:40:07'),
(1675932060, 'PT48-1675932060', 'นายจักรพงษ์ คำอ้าย', '', '', '', '', '', 'การสร้างเครื่องต้นแบบระบบอนาล็อกสำหรับการปาดกาวอัดในระบบการพิมพ์สกรีน', 'Constuction the Analog Prototype for Coat Rubber Gum Strick Use in Screen Printing', 26, 0, '2548', 6, '1', 0, '', '1675932060_217173077.pdf', '', '', '', '', 42069, '2023-02-09 08:42:44'),
(1675932558, 'PT48-1675932558', 'นางสาวประภาพร พ่วงสุวรรณ', '', '', '', '', '', 'การยึดติดของหมึกพิมพ์ยางกล้วยที่ใส่สารให้สีจากธรรมชาติ', 'The study Holding On Banana latex Ink Fill the core that give natural colour', 62, 26, '2548', 6, '1', 0, '', '1675932558_382213808.pdf', '', '', '', '', 42069, '2023-02-09 08:50:52'),
(1675933828, 'PT55-1675933828', 'นางสาวปิยนุช โนนศิลา', '', '', '', '', '', 'การออกแบบบรรจุภัณฑ์ขนมกระยาสาทรของกลุ่มแม่บ้านชุมชนจินดาสุข จังหวัดปทุมธานี', 'Packaging Design for Kayasart Jindasuk Housewives Group Pathum Thani Province', 27, 0, '2555', 6, '1', 0, '', '1675933828_341118105.pdf', '', '', '', '', 42069, '2023-02-09 09:14:35'),
(1675934352, 'PT55-1675934352', 'นางสาวปรียานุช แก้วไพรชัฏ', '', '', '', '', '', 'การออกแบบหนังสือเพื่อส่งเสริมโครงการอ่านออกเขียนได้ วิชาภาษาไทยของ โรงเรียนบ้านหนองกะเปา', 'Book Design for Project Literacy Subject Thai A Ban Nong Kapow School', 27, 0, '2555', 6, '1', 0, '', '1675934352_2079349586.pdf', '', '', '', '', 42069, '2023-02-09 09:20:44'),
(1675934452, 'PT56-1675934452', 'นางสาวธนิตา เศรษฐธรางกูร', 'นายยุทธนา เจนทรรษา', '', '', '', '', 'การออกแบบหนังสืออิเล็กทรอนิกศ์บนระบบปฏิบัติการ ไอโอเอส เรื่อง อโหสิ', 'The Design Electronics - Book for iOS System Forgiveness', 62, 0, '2556', 6, '1', 0, '', '1675934452_1673445724.pdf', '', '', '', '', 42069, '2023-02-09 09:22:51'),
(1675934731, 'PT52-1675934731', 'นายนิคม พาลี', '', '', '', '', '', 'การออกแบบบรรจุภัณฑ์สำหรับเครื่องประดับจากพอลยนิล', 'Packaging design for ploynil from jewelry', 62, 0, '2552', 6, '1', 0, '', '1675934731_1473040415.pdf', '', '', '', '', 42069, '2023-02-09 09:26:54'),
(1675934854, 'PT52-1675934854', 'นายอภิสิทธิ์ บัวแก้ว', '', '', '', '', '', 'การออกแบบตราสัญลักษณ์และฉลากไข่เค็ม กลุ่มอาชีพสตรีบ้านต้นโพธิ์ตำบลเชียงรากใหญ่ อำเภอสามโคก จังหวัดปทุมธานี', 'The Logo and Label Eggs Salt Design for Bantonpho Group T.Chiang Rak Yai, Samkhok, Pathuthani', 62, 0, '2552', 6, '1', 0, '', '1675934854_326289841.pdf', '', '', '', '', 42069, '2023-02-09 09:29:21'),
(1675935013, 'PT56-1675935013', 'ปาลิดา แซ่หลี', '', '', '', '', '', 'การออกแบบหนังสือป๊อปอัพ เรื่อง การละเล่นเด็กไทย สำหรับเด็กประถมศึกษา 1-3', 'Design of the Children game pop-up book for Clever Kids 1-3', 62, 0, '2556', 6, '1', 0, '', '1675935013_1638680953.pdf', '', '', '', '', 42069, '2023-02-09 09:32:37'),
(1676015096, 'PT55-1676015096', 'นางสาวนันทวรรณ เจ๊ะมูฮำหมัด', '', '', '', '', '', 'การออกแบบสมุดบันทึกมหาวิทยาลัยเทคโนโลยีราชมงคลธัญบุรี', 'Design diary Rajamagala University of Technology Thanyaburi', 62, 0, '2555', 6, '1', 0, '', '1676015096_522540773.pdf', '', '', '', '', 42069, '2023-02-10 08:37:05'),
(1676018235, 'PT55-1676018235', 'นางสาวสุกัญญา รักภักดี', '', '', '', '', '', 'การออกแบบหนังสืออิเล็กทรอนิกส์เรื่องการออกแบบบรรจุภัณฑ์เพื่อสิ่งแวดล้อม', 'E-Book Design for Eco Packaging Design', 27, 0, '2555', 6, '1', 0, '', '1676018235_897835619.pdf', '', '', '', '', 42069, '2023-02-10 08:38:31'),
(1676018318, 'PT55-1676018318', 'นางสาวชุตินนท์ อ่อนสกุล', '', '', '', '', '', 'การออกแบบหนังสือศิลปะสอนเด็กวาดภาพ 3-6 ปี', 'Designing of children introduce art book for Ages 3-6 years', 62, 0, '2555', 6, '1', 0, '', '1676018318_2035477533.pdf', '', '', '', '', 42069, '2023-02-10 08:40:12'),
(1676018418, 'PT55-1676018418', 'นางสาวพัทธวรรณ์ บรรเลง', '', '', '', '', '', 'การออกแบบบรรจุภัณฑ์ กราฟิก สำหรับสินค้าเบเกอรี่', 'Graphic design packaging for bakery products', 62, 0, '2555', 6, '1', 0, '', '1676018418_360671132.pdf', '', '', '', '', 42069, '2023-02-10 08:47:31'),
(1676018854, 'PT51', 'นายพิทักษ์ ศรีรุ่ง', 'นายอนวัช อุดมศักดิ์สวัสดิ์', 'นางสาวนันธนาภรณ์ ขจรบุญ', '', '', '', 'การเปิดรับสื่อการประชาสัมพันธ์ข่าวสารของมหาวิทยาลัยเทคโนโลยีราชมงคลธัญบุรี', 'Student rmutts informatio receptivity in public relation medias of rmutt', 27, 0, '2551', 6, '1', 0, '', '1676018854_411940748.pdf', '', '', '', '', 42069, '2023-02-10 09:08:14'),
(1676020472, 'PT51-1676020472', 'นางสาววิลาสินี น้อยผา', 'นางสาวพิไลวรรณ ผิวพรรณ์', 'นางสาวสุภาพร นิลเลี่ยม', '', '', '', 'การผลิตกระดาษเชงอุตสาหกรรมจากเยื่อกระถินและใบสับปะรดและปรับปรุงผิวหน้ากระดาษด้วยแร่ไมก้า', 'The paper from Hors-Tamarind and Pineapple LeafPulp by used Industrial Method Forming and Paper Surface Improvement with Mica', 30, 87, '2551', 6, '1', 0, '', '1676020472_1688933227.pdf', '', '', '', '', 42069, '2023-02-10 09:15:54');

-- --------------------------------------------------------

--
-- Table structure for table `mctarchive_pre`
--

CREATE TABLE `mctarchive_pre` (
  `system_id` int(10) NOT NULL COMMENT 'system ref ID of thesis',
  `id` varchar(100) NOT NULL COMMENT 'book no. / book id.',
  `std1` varchar(100) CHARACTER SET utf8 DEFAULT NULL,
  `std2` varchar(100) CHARACTER SET utf8 DEFAULT NULL,
  `std3` varchar(100) CHARACTER SET utf8 DEFAULT NULL,
  `std4` varchar(100) DEFAULT NULL,
  `std5` varchar(100) DEFAULT NULL,
  `std6` varchar(100) DEFAULT NULL,
  `thainame` varchar(300) CHARACTER SET utf8 DEFAULT NULL,
  `engname` varchar(300) CHARACTER SET utf8 DEFAULT NULL,
  `teacher` int(10) DEFAULT NULL,
  `co_teacher` int(10) DEFAULT NULL,
  `sec` varchar(4) CHARACTER SET utf8 DEFAULT NULL,
  `branch` int(10) DEFAULT NULL,
  `type_doc` varchar(100) NOT NULL,
  `website` int(1) DEFAULT 0,
  `video` varchar(200) DEFAULT NULL,
  `pdf` varchar(200) DEFAULT NULL,
  `fileZip` varchar(100) DEFAULT NULL,
  `audio` varchar(200) DEFAULT NULL,
  `yt_link` varchar(100) DEFAULT NULL,
  `site_url` varchar(100) DEFAULT NULL,
  `add_by` int(10) DEFAULT NULL,
  `add_date` timestamp NOT NULL DEFAULT current_timestamp()
) ENGINE=InnoDB DEFAULT CHARSET=utf8mb4;

-- --------------------------------------------------------

--
-- Table structure for table `setting`
--

CREATE TABLE `setting` (
  `var` varchar(15) NOT NULL DEFAULT '0',
  `setting` int(1) NOT NULL DEFAULT 0
) ENGINE=InnoDB DEFAULT CHARSET=utf8mb4;

--
-- Dumping data for table `setting`
--

INSERT INTO `setting` (`var`, `setting`) VALUES
('free2uplaod', 0);

-- --------------------------------------------------------

--
-- Table structure for table `teacher`
--

CREATE TABLE `teacher` (
  `teacher_id` int(10) NOT NULL,
  `teacherName` varchar(100) NOT NULL,
  `date` timestamp NOT NULL DEFAULT current_timestamp(),
  `branch` int(10) DEFAULT NULL
) ENGINE=InnoDB DEFAULT CHARSET=utf8mb4;

--
-- Dumping data for table `teacher`
--

INSERT INTO `teacher` (`teacher_id`, `teacherName`, `date`, `branch`) VALUES
(0, 'ไม่มี', '2022-12-15 17:00:00', 0),
(1, 'ดร.จิรัฐ มัธยมนันทน์', '2021-04-20 17:00:00', 3),
(2, 'ผศ.ดร.กัญญาณัฐ เปลวเฟื่อง', '2021-04-20 17:00:00', 3),
(3, 'ผู้ช่วยศาสตราจารย์วรรณชนก สุนทร', '2021-04-20 17:00:00', 3),
(4, 'ผู้ช่วยศาสตราจารย์สุพรรณิการ์ ย่องซื่อ', '2021-04-20 17:00:00', 3),
(5, 'อาจารย์ชิรพงษ์ ญานุชิตร', '2021-04-20 17:00:00', 3),
(6, 'อาจารย์ธีรศานต์ ไหลหลั่ง', '2021-04-20 17:00:00', 3),
(7, 'อาจารย์ศักดา ส่งเจริญ', '2021-04-22 17:00:00', 3),
(14, 'ผศ.กิตติพร ชูเกียรติ', '2022-12-15 17:00:00', 1),
(15, 'ผศ.ดร.ประภาภร ดลกิจ', '2022-12-15 17:00:00', 1),
(16, 'ผศ.ยุวยง อนุมานราชธน', '2022-12-15 17:00:00', 1),
(17, 'อ.อุกฤษ ณ สงขลา', '2022-12-15 17:00:00', 1),
(18, 'ผศ.ดร.ไวยวุฒิ วุฒิอรรถสาร', '2022-12-15 17:00:00', 1),
(19, 'ผศ.อรสุชา อุปกิจ', '2022-12-15 17:00:00', 1),
(20, 'ผศ.อิทธิพล โพธิพันธุ์', '2022-12-15 17:00:00', 1),
(21, 'ผศ.สุวัฒน์ พื้นผา', '2022-12-15 17:00:00', 1),
(22, 'อ.อนุสรณ์ สาครดี', '2022-12-15 17:00:00', 1),
(23, 'อ.กานต์พิชชา สุวรรณวัฒนเมรี', '2022-12-15 17:00:00', 6),
(24, 'ผศ.ดร.อุรวิศ ตั้งกิจวิวัฒน์', '2022-12-15 17:00:00', 6),
(25, 'ผศ.ดร.อนันต์ ตันวิไลศิริ', '2022-12-15 17:00:00', 6),
(26, 'รศ.ดร.จันทร์ประภา พ่วงสุวรรณ', '2022-12-15 17:00:00', 6),
(27, 'ผศ.ดร.วสันต์ สอนเขียว', '2022-12-15 17:00:00', 6),
(28, 'อ.อัครเดช ทองสว่าง', '2022-12-15 17:00:00', 6),
(29, 'ผศ.ดร.กิติโรจน์ รัตนเกษมสุข', '2022-12-15 17:00:00', 6),
(30, 'ผศ.ดร.สุรชัย ขันแก้ว', '2022-12-15 17:00:00', 6),
(31, 'อ.สุชาดา คันธารส', '2022-12-15 17:00:00', 6),
(32, 'ผศ.วิษณุพร อรุณลักษณ์', '2022-12-15 17:00:00', 2),
(33, 'ผศ.มนชนก มานะกุล', '2022-12-15 17:00:00', 2),
(34, 'ดร.ภัสสร สังข์ศรี', '2022-12-15 17:00:00', 2),
(35, 'ผศ.ดร.จิรศักดิ์ ปรีชาวีรกุล', '2022-12-15 17:00:00', 2),
(36, 'ผศ.ดร.กุลกนิษฐ์ ทองเงา', '2022-12-15 17:00:00', 2),
(37, 'ผศ.คำรณ ย่องซื่อ', '2022-12-15 17:00:00', 2),
(38, 'ผศ.ภาณินี บุญเลิศ', '2022-12-15 17:00:00', 2),
(39, 'อ.ชาลิน นุกูล', '2022-12-15 17:00:00', 2),
(40, 'อ.กุลภัสสร์ กาญจนภรางกูร', '2022-12-15 17:00:00', 2),
(41, 'ผศ.กมล สังข์ทอง', '2022-12-15 17:00:00', 2),
(42, 'ผศ.ดร.วิภาวี วีระวงศ์', '2022-12-15 17:00:00', 2),
(43, 'ผศ.พลอย ศรีสุโร', '2022-12-15 17:00:00', 5),
(44, 'ผศ.นวพรรษ การะเกตุ', '2022-12-15 17:00:00', 5),
(45, 'ผศ.รัตติกาล เจนจัด', '2022-12-15 17:00:00', 5),
(46, 'ผศ.ดร.ณัฐวิกา สินสุวรรณ', '2022-12-15 17:00:00', 5),
(47, 'อ.จารุณี เจริญรส', '2022-12-15 17:00:00', 5),
(48, 'อ.ตปากร พุธเกส', '2022-12-15 17:00:00', 5),
(49, 'อ.ชนิดา ศักดิ์สิริโกศล', '2022-12-15 17:00:00', 5),
(50, 'อ.กนก จินดา', '2022-12-15 17:00:00', 5),
(51, 'ผศ.วิภูษิต เพียรการค้า', '2022-12-15 17:00:00', 4),
(52, 'ผศ.ดร.ศรชัย บุตรแก้ว', '2022-12-15 17:00:00', 4),
(53, 'ผศ.อภิวัฒน์ วงศ์เลิศ', '2022-12-15 17:00:00', 4),
(54, 'อ.กมลทิพย์ ต่อทรัพย์สินชัย', '2022-12-15 17:00:00', 4),
(55, 'อ.เบญนภา พัฒนาพิภัทร', '2022-12-15 17:00:00', 4),
(56, 'อ.นัจภัค มีอุสาห์', '2022-12-15 17:00:00', 4),
(57, 'อ.ธนะภูมิ สงค์ธนาพิทักษ์', '2022-12-15 17:00:00', 4),
(62, 'ประทุมทอง ไตรรัตน์', '2022-12-18 17:00:00', 6),
(63, 'อรรถพร ศิริเมธากุล', '2022-12-18 17:00:00', 6),
(64, 'กฤษดา กิติสาระกุลชัย', '2022-12-18 17:00:00', 6),
(65, 'ดร.สมพร เจรคุณาวัตน์', '2022-12-18 17:00:00', 6),
(66, 'นิติ วิทยาวิโรจน์', '2022-12-18 17:00:00', 6),
(67, 'เอกชัย โถเหลือง', '2022-12-20 17:00:00', 6),
(68, 'อาจารย์วันชัย แก้วดี', '2022-12-28 17:00:00', 3),
(69, 'ปิยะพงษ์ อิงไธสง', '2023-01-17 17:00:00', 5),
(70, 'วิทยา ไชยวงศ์', '2023-01-17 17:00:00', 6),
(71, 'อนันด์ ดันวิไลศิริ', '2023-01-17 17:00:00', 6),
(72, 'พิศิษฐ์ อู่ศิริกุพาณิชญ์', '2023-01-17 17:00:00', 6),
(73, 'กิตติศักดิ์ ผิวทองงาม', '2023-01-17 17:00:00', 6),
(74, 'จัทร์ประภา พ่วงสุวรรณ', '2023-01-19 17:00:00', 6),
(75, 'ศรศิลป์ ซึมกลาง', '2023-01-19 17:00:00', 6),
(76, 'ปิยะพร กัญชนะ', '2023-01-19 17:00:00', 6),
(77, 'วัชรินทร์ ข่วงทิพย์', '2023-01-19 17:00:00', 6),
(78, 'สุพัฒน์ เรียบร้อย', '2023-01-23 17:00:00', 6),
(79, 'สุรสิทธิ์ วงศ์แสงจันทร์', '2023-01-29 17:00:00', 6),
(80, 'ธาดา ลีเกีบรติกุล', '2023-01-29 17:00:00', 6),
(81, 'ผู้ช่วยศาสตราจารย์ภูรินทร์ อัครกุลธร', '2023-01-30 17:00:00', 6),
(82, 'ผู้ช่วยศาสตราจารย์สุวิมล พุ่มประทีป', '2023-02-05 17:00:00', 5),
(83, 'อาจารย์ถาวร พูลสมบัติ', '2023-02-05 17:00:00', 5),
(84, 'อาจารย์เอกญา แววภักดี', '2023-02-05 17:00:00', 5),
(85, 'อ.ดร.ณัฐปคัลภภ์ กิตติสุนทรพิศาล', '2023-02-05 17:00:00', 5),
(87, 'ยุทธนาพงศ์ แดงเพ็ง', '2023-02-09 17:00:00', 6);

-- --------------------------------------------------------

--
-- Table structure for table `year`
--

CREATE TABLE `year` (
  `year` varchar(4) NOT NULL,
  `date` datetime NOT NULL DEFAULT current_timestamp()
) ENGINE=InnoDB DEFAULT CHARSET=utf8mb4;

--
-- Dumping data for table `year`
--

INSERT INTO `year` (`year`, `date`) VALUES
('2544', '2023-01-20 19:46:22'),
('2545', '2023-01-20 19:46:19'),
('2546', '2023-01-20 19:46:14'),
('2547', '2023-01-20 19:46:10'),
('2548', '2022-12-16 23:32:49'),
('2549', '2022-12-16 23:34:32'),
('2550', '2022-12-16 23:34:32'),
('2551', '2022-12-16 23:34:32'),
('2552', '2022-12-16 23:34:32'),
('2553', '2022-12-16 23:34:32'),
('2554', '2022-12-16 23:34:32'),
('2555', '2022-12-16 23:34:32'),
('2556', '2022-12-16 23:34:32'),
('2557', '2022-12-16 23:34:32'),
('2558', '2021-04-23 01:07:52'),
('2559', '2021-04-23 01:07:55'),
('2560', '2021-04-23 01:07:58'),
('2561', '2021-04-23 01:08:03'),
('2562', '2021-04-23 01:08:05'),
('2563', '2021-04-22 18:51:12'),
('2564', '2021-04-26 11:10:42'),
('2565', '2022-12-15 14:03:58'),
('2566', '2022-12-15 14:04:32');

--
-- Indexes for dumped tables
--

--
-- Indexes for table `branch`
--
ALTER TABLE `branch`
  ADD PRIMARY KEY (`branch_id`);

--
-- Indexes for table `login`
--
ALTER TABLE `login`
  ADD PRIMARY KEY (`user_id`);

--
-- Indexes for table `mctarchive`
--
ALTER TABLE `mctarchive`
  ADD PRIMARY KEY (`system_id`),
  ADD KEY `branch` (`branch`),
  ADD KEY `main_teacher` (`teacher`),
  ADD KEY `co_teacher` (`co_teacher`),
  ADD KEY `c_user` (`add_by`);

--
-- Indexes for table `mctarchive_pre`
--
ALTER TABLE `mctarchive_pre`
  ADD PRIMARY KEY (`system_id`),
  ADD KEY `branch` (`branch`),
  ADD KEY `main_teacher` (`teacher`),
  ADD KEY `co_teacher` (`co_teacher`),
  ADD KEY `c_user` (`add_by`);

--
-- Indexes for table `setting`
--
ALTER TABLE `setting`
  ADD PRIMARY KEY (`var`);

--
-- Indexes for table `teacher`
--
ALTER TABLE `teacher`
  ADD PRIMARY KEY (`teacher_id`),
  ADD KEY `branch_idT` (`branch`);

--
-- Indexes for table `year`
--
ALTER TABLE `year`
  ADD PRIMARY KEY (`year`);

--
-- AUTO_INCREMENT for dumped tables
--

--
-- AUTO_INCREMENT for table `branch`
--
ALTER TABLE `branch`
  MODIFY `branch_id` int(10) NOT NULL AUTO_INCREMENT, AUTO_INCREMENT=8;

--
-- AUTO_INCREMENT for table `login`
--
ALTER TABLE `login`
  MODIFY `user_id` int(10) NOT NULL AUTO_INCREMENT, AUTO_INCREMENT=42073;

--
-- AUTO_INCREMENT for table `teacher`
--
ALTER TABLE `teacher`
  MODIFY `teacher_id` int(10) NOT NULL AUTO_INCREMENT, AUTO_INCREMENT=88;

--
-- Constraints for dumped tables
--

--
-- Constraints for table `mctarchive`
--
ALTER TABLE `mctarchive`
  ADD CONSTRAINT `branch` FOREIGN KEY (`branch`) REFERENCES `branch` (`branch_id`),
  ADD CONSTRAINT `c_user` FOREIGN KEY (`add_by`) REFERENCES `login` (`user_id`),
  ADD CONSTRAINT `co_teacher` FOREIGN KEY (`co_teacher`) REFERENCES `teacher` (`teacher_id`),
  ADD CONSTRAINT `main_teacher` FOREIGN KEY (`teacher`) REFERENCES `teacher` (`teacher_id`);

--
-- Constraints for table `teacher`
--
ALTER TABLE `teacher`
  ADD CONSTRAINT `branch_idT` FOREIGN KEY (`branch`) REFERENCES `branch` (`branch_id`) ON DELETE NO ACTION ON UPDATE NO ACTION;
COMMIT;

/*!40101 SET CHARACTER_SET_CLIENT=@OLD_CHARACTER_SET_CLIENT */;
/*!40101 SET CHARACTER_SET_RESULTS=@OLD_CHARACTER_SET_RESULTS */;
/*!40101 SET COLLATION_CONNECTION=@OLD_COLLATION_CONNECTION */;
